Year,Month,week_no,Date_no,Day,holidays,traffic
2014,9,36,1,0,0,1398
2014,9,36,2,1,0,1304
2014,9,36,3,2,1,1008
2014,9,36,4,3,0,1409
2014,9,36,5,4,0,968
2014,9,36,6,5,0,1491
2014,9,36,7,6,0,1323
2014,9,37,8,0,0,1074
2014,9,37,9,1,0,1324
2014,9,37,10,2,0,1634
2014,9,37,11,3,1,1549
2014,9,37,12,4,0,1341
2014,9,37,13,5,0,1634
2014,9,37,14,6,0,1497
2014,9,38,15,0,0,815
2014,9,38,16,1,0,984
2014,9,38,17,2,0,1514
2014,9,38,18,3,0,1600
2014,9,38,19,4,0,1018
2014,9,38,20,5,0,970
2014,9,38,21,6,0,839
2014,9,39,22,0,0,1470
2014,9,39,23,1,0,1734
2014,9,39,24,2,0,855
2014,9,39,25,3,0,1796
2014,9,39,26,4,0,1078
2014,9,39,27,5,1,915
2014,9,39,28,6,0,1792
2014,9,40,29,0,0,1659
2014,9,40,30,1,0,1063
2014,10,40,1,2,0,9029
2014,10,40,2,3,0,7189
2014,10,40,3,4,0,7349
2014,10,40,4,5,0,9924
2014,10,40,5,6,0,9617
2014,10,41,6,0,0,7142
2014,10,41,7,1,0,8495
2014,10,41,8,2,0,9048
2014,10,41,9,3,0,9853
2014,10,41,10,4,0,9754
2014,10,41,11,5,0,8352
2014,10,41,12,6,0,8252
2014,10,42,13,0,0,9554
2014,10,42,14,1,0,9069
2014,10,42,15,2,0,8884
2014,10,42,16,3,0,9806
2014,10,42,17,4,0,9386
2014,10,42,18,5,0,10204
2014,10,42,19,6,0,10158
2014,10,43,20,0,0,7697
2014,10,43,21,1,0,10331
2014,10,43,22,2,0,8924
2014,10,43,23,3,0,9858
2014,10,43,24,4,0,8958
2014,10,43,25,5,0,8970
2014,10,43,26,6,0,7558
2014,10,44,27,0,0,10153
2014,10,44,28,1,0,7445
2014,10,44,29,2,0,8676
2014,10,44,30,3,0,9429
2014,10,44,31,4,0,7659
2014,11,44,1,5,0,10045
2014,11,44,2,6,0,10762
2014,11,45,3,0,0,8903
2014,11,45,4,1,0,10824
2014,11,45,5,2,0,8465
2014,11,45,6,3,0,10627
2014,11,45,7,4,0,8422
2014,11,45,8,5,0,10151
2014,11,45,9,6,0,9199
2014,11,46,10,0,0,8129
2014,11,46,11,1,0,10782
2014,11,46,12,2,0,8620
2014,11,46,13,3,0,11272
2014,11,46,14,4,0,9560
2014,11,46,15,5,0,9689
2014,11,46,16,6,0,10163
2014,11,47,17,0,0,9464
2014,11,47,18,1,0,9125
2014,11,47,19,2,0,10340
2014,11,47,20,3,0,9150
2014,11,47,21,4,0,9890
2014,11,47,22,5,0,9635
2014,11,47,23,6,0,9905
2014,11,48,24,0,0,9778
2014,11,48,25,1,0,10208
2014,11,48,26,2,0,9079
2014,11,48,27,3,0,9230
2014,11,48,28,4,0,10208
2014,11,48,29,5,0,10092
2014,11,48,30,6,0,8688
2014,12,49,1,0,0,9114
2014,12,49,2,1,0,9083
2014,12,49,3,2,0,9473
2014,12,49,4,3,0,9676
2014,12,49,5,4,0,10293
2014,12,49,6,5,0,10173
2014,12,49,7,6,0,8902
2014,12,50,8,0,0,9116
2014,12,50,9,1,0,8784
2014,12,50,10,2,0,9132
2014,12,50,11,3,0,8601
2014,12,50,12,4,0,10964
2014,12,50,13,5,0,10582
2014,12,50,14,6,0,9095
2014,12,51,15,0,0,9402
2014,12,51,16,1,0,9691
2014,12,51,17,2,0,9806
2014,12,51,18,3,0,10064
2014,12,51,19,4,0,10598
2014,12,51,20,5,0,11212
2014,12,51,21,6,0,10177
2014,12,52,22,0,0,10047
2014,12,52,23,1,0,9521
2014,12,52,24,2,0,10266
2014,12,52,25,3,0,10701
2014,12,52,26,4,0,12956
2014,12,52,27,5,0,13338
2014,12,52,28,6,0,9603
2014,12,1,29,0,0,13470
2014,12,1,30,1,0,11524
2014,12,1,31,2,0,13028
2015,1,1,1,3,0,11579
2015,1,1,2,4,0,12527
2015,1,1,3,5,0,11166
2015,1,1,4,6,0,10433
2015,1,2,5,0,0,11900
2015,1,2,6,1,0,12160
2015,1,2,7,2,1,9254
2015,1,2,8,3,0,9933
2015,1,2,9,4,0,11833
2015,1,2,10,5,0,12714
2015,1,2,11,6,0,11404
2015,1,3,12,0,0,11064
2015,1,3,13,1,0,10961
2015,1,3,14,2,0,11298
2015,1,3,15,3,0,11043
2015,1,3,16,4,0,11857
2015,1,3,17,5,0,12480
2015,1,3,18,6,0,9575
2015,1,4,19,0,1,9917
2015,1,4,20,1,0,9293
2015,1,4,21,2,0,10847
2015,1,4,22,3,0,10416
2015,1,4,23,4,0,11770
2015,1,4,24,5,0,12050
2015,1,4,25,6,0,10530
2015,1,5,26,0,0,10144
2015,1,5,27,1,0,10886
2015,1,5,28,2,0,11177
2015,1,5,29,3,0,10697
2015,1,5,30,4,0,11853
2015,1,5,31,5,0,12461
2015,2,5,1,6,0,10925
2015,2,6,2,0,0,10811
2015,2,6,3,1,0,11751
2015,2,6,4,2,0,11750
2015,2,6,5,3,0,12231
2015,2,6,6,4,0,12508
2015,2,6,7,5,0,13121
2015,2,6,8,6,0,12630
2015,2,7,9,0,0,11739
2015,2,7,10,1,0,11995
2015,2,7,11,2,0,11881
2015,2,7,12,3,0,12015
2015,2,7,13,4,0,12882
2015,2,7,14,5,0,12920
2015,2,7,15,6,0,11131
2015,2,8,16,0,0,11304
2015,2,8,17,1,0,10812
2015,2,8,18,2,0,11210
2015,2,8,19,3,0,11597
2015,2,8,20,4,0,10679
2015,2,8,21,5,0,11531
2015,2,8,22,6,0,9932
2015,2,9,23,0,0,10453
2015,2,9,24,1,0,10350
2015,2,9,25,2,0,10935
2015,2,9,26,3,0,9999
2015,2,9,27,4,1,10825
2015,2,9,28,5,0,11747
2015,3,9,1,6,0,9086
2015,3,10,2,0,1,10626
2015,3,10,3,1,0,10542
2015,3,10,4,2,0,10518
2015,3,10,5,3,0,10249
2015,3,10,6,4,0,10042
2015,3,10,7,5,0,11034
2015,3,10,8,6,0,9610
2015,3,11,9,0,0,10432
2015,3,11,10,1,0,10449
2015,3,11,11,2,0,11097
2015,3,11,12,3,0,11052
2015,3,11,13,4,0,11274
2015,3,11,14,5,0,11410
2015,3,11,15,6,0,13831
2015,3,12,16,0,0,10058
2015,3,12,17,1,0,10305
2015,3,12,18,2,0,10367
2015,3,12,19,3,0,10517
2015,3,12,20,4,0,10943
2015,3,12,21,5,0,10855
2015,3,12,22,6,0,9520
2015,3,13,23,0,0,10379
2015,3,13,24,1,0,10739
2015,3,13,25,2,0,10495
2015,3,13,26,3,0,10771
2015,3,13,27,4,0,10974
2015,3,13,28,5,0,11097
2015,3,13,29,6,0,9586
2015,3,14,30,0,0,10418
2015,3,14,31,1,0,11905
2015,4,14,1,2,0,10436
2015,4,14,2,3,0,10830
2015,4,14,3,4,0,12682
2015,4,14,4,5,0,11245
2015,4,14,5,6,0,8902
2015,4,15,6,0,0,10765
2015,4,15,7,1,0,6653
2015,4,15,8,2,0,11859
2015,4,15,9,3,0,13208
2015,4,15,10,4,0,9717
2015,4,15,11,5,0,8671
2015,4,15,12,6,0,9844
2015,4,16,13,0,0,8501
2015,4,16,14,1,0,10872
2015,4,16,15,2,0,10952
2015,4,16,16,3,0,10503
2015,4,16,17,4,1,11307
2015,4,16,18,5,0,12240
2015,4,16,19,6,0,11147
2015,4,17,20,0,0,11195
2015,4,17,21,1,0,11021
2015,4,17,22,2,0,9881
2015,4,17,23,3,0,10155
2015,4,17,24,4,0,11017
2015,4,17,25,5,0,11648
2015,4,17,26,6,0,10830
2015,4,18,27,0,0,10431
2015,4,18,28,1,0,10010
2015,4,18,29,2,0,10810
2015,4,18,30,3,0,11323
2015,5,18,1,4,1,12138
2015,5,18,2,5,0,11470
2015,5,18,3,6,0,12154
2015,5,19,4,0,0,10706
2015,5,19,5,1,0,10913
2015,5,19,6,2,0,10545
2015,5,19,7,3,0,10262
2015,5,19,8,4,0,11298
2015,5,19,9,5,0,10564
2015,5,19,10,6,0,9424
2015,5,20,11,0,0,10323
2015,5,20,12,1,0,10963
2015,5,20,13,2,0,10700
2015,5,20,14,3,0,10567
2015,5,20,15,4,0,11018
2015,5,20,16,5,0,11404
2015,5,20,17,6,0,10270
2015,5,21,18,0,0,10239
2015,5,21,19,1,0,10737
2015,5,21,20,2,0,10618
2015,5,21,21,3,0,10990
2015,5,21,22,4,0,8721
2015,5,21,23,5,0,9627
2015,5,21,24,6,0,8031
2015,5,22,25,0,0,8351
2015,5,22,26,1,0,9916
2015,5,22,27,2,0,10950
2015,5,22,28,3,0,9687
2015,5,22,29,4,0,10796
2015,5,22,30,5,0,11091
2015,5,22,31,6,0,10424
2015,6,23,1,0,0,10887
2015,6,23,2,1,0,11040
2015,6,23,3,2,0,11562
2015,6,23,4,3,0,11550
2015,6,23,5,4,0,12003
2015,6,23,6,5,0,12092
2015,6,23,7,6,0,10759
2015,6,24,8,0,0,11027
2015,6,24,9,1,0,11418
2015,6,24,10,2,0,11678
2015,6,24,11,3,0,11571
2015,6,24,12,4,0,12323
2015,6,24,13,5,0,12616
2015,6,24,14,6,0,10775
2015,6,25,15,0,0,11606
2015,6,25,16,1,0,11778
2015,6,25,17,2,0,12075
2015,6,25,18,3,0,11858
2015,6,25,19,4,0,11787
2015,6,25,20,5,0,12245
2015,6,25,21,6,0,10008
2015,6,26,22,0,0,11681
2015,6,26,23,1,0,11484
2015,6,26,24,2,0,11730
2015,6,26,25,3,0,12580
2015,6,26,26,4,0,12549
2015,6,26,27,5,0,12457
2015,6,26,28,6,0,10020
2015,6,27,29,0,0,11637
2015,6,27,30,1,0,11829
2015,7,27,1,2,0,11739
2015,7,27,2,3,0,11915
2015,7,27,3,4,0,13547
2015,7,27,4,5,0,14898
2015,7,27,5,6,0,11442
2015,7,28,6,0,0,13027
2015,7,28,7,1,0,12977
2015,7,28,8,2,0,11890
2015,7,28,9,3,0,11844
2015,7,28,10,4,0,12514
2015,7,28,11,5,0,12467
2015,7,28,12,6,0,10943
2015,7,29,13,0,0,11823
2015,7,29,14,1,0,11693
2015,7,29,15,2,0,11669
2015,7,29,16,3,0,11912
2015,7,29,17,4,0,10111
2015,7,29,18,5,0,12068
2015,7,29,19,6,0,12471
2015,7,30,20,0,0,11848
2015,7,30,21,1,0,11794
2015,7,30,22,2,0,12259
2015,7,30,23,3,0,12345
2015,7,30,24,4,0,14461
2015,7,30,25,5,0,14554
2015,7,30,26,6,0,11924
2015,7,31,27,0,0,14553
2015,7,31,28,1,0,12002
2015,7,31,29,2,0,11864
2015,7,31,30,3,0,12718
2015,7,31,31,4,0,12642
2015,8,31,1,5,0,13194
2015,8,31,2,6,0,12918
2015,8,32,3,0,0,12306
2015,8,32,4,1,0,12213
2015,8,32,5,2,0,12087
2015,8,32,6,3,0,12383
2015,8,32,7,4,0,12150
2015,8,32,8,5,0,12954
2015,8,32,9,6,0,11850
2015,8,33,10,0,0,12279
2015,8,33,11,1,0,12531
2015,8,33,12,2,0,11962
2015,8,33,13,3,0,12010
2015,8,33,14,4,0,13035
2015,8,33,15,5,0,13163
2015,8,33,16,6,0,11659
2015,8,34,17,0,0,12828
2015,8,34,18,1,0,12319
2015,8,34,19,2,0,12616
2015,8,34,20,3,0,12579
2015,8,34,21,4,0,13608
2015,8,34,22,5,0,12855
2015,8,34,23,6,0,13150
2015,8,35,24,0,0,13199
2015,8,35,25,1,0,12882
2015,8,35,26,2,0,13522
2015,8,35,27,3,0,13368
2015,8,35,28,4,0,13916
2015,8,35,29,5,0,14685
2015,8,35,30,6,0,13148
2015,8,36,31,0,0,13042
2015,9,36,1,1,0,11473
2015,9,36,2,2,0,13354
2015,9,36,3,3,1,13899
2015,9,36,4,4,0,14458
2015,9,36,5,5,0,14848
2015,9,36,6,6,0,13119
2015,9,37,7,0,0,13249
2015,9,37,8,1,0,13830
2015,9,37,9,2,0,14124
2015,9,37,10,3,0,14277
2015,9,37,11,4,1,12839
2015,9,37,12,5,0,15345
2015,9,37,13,6,0,9356
2015,9,38,14,0,0,11811
2015,9,38,15,1,0,13304
2015,9,38,16,2,0,13268
2015,9,38,17,3,0,13265
2015,9,38,18,4,0,13179
2015,9,38,19,5,0,13677
2015,9,38,20,6,0,12968
2015,9,39,21,0,0,12999
2015,9,39,22,1,0,13197
2015,9,39,23,2,0,13853
2015,9,39,24,3,0,10829
2015,9,39,25,4,0,13156
2015,9,39,26,5,0,14115
2015,9,39,27,6,1,10685
2015,9,40,28,0,0,17864
2015,9,40,29,1,0,12561
2015,9,40,30,2,0,13502
2015,10,40,1,3,0,13353
2015,10,40,2,4,0,13574
2015,10,40,3,5,0,14293
2015,10,40,4,6,0,15832
2015,10,41,5,0,0,13282
2015,10,41,6,1,0,13533
2015,10,41,7,2,0,13363
2015,10,41,8,3,0,13743
2015,10,41,9,4,0,13841
2015,10,41,10,5,0,14363
2015,10,41,11,6,0,12612
2015,10,42,12,0,0,12890
2015,10,42,13,1,0,13190
2015,10,42,14,2,0,13523
2015,10,42,15,3,0,13908
2015,10,42,16,4,0,14098
2015,10,42,17,5,0,13855
2015,10,42,18,6,0,12488
2015,10,43,19,0,0,12902
2015,10,43,20,1,0,13262
2015,10,43,21,2,0,13523
2015,10,43,22,3,0,13726
2015,10,43,23,4,0,14507
2015,10,43,24,5,0,14536
2015,10,43,25,6,0,12716
2015,10,44,26,0,0,12962
2015,10,44,27,1,0,13436
2015,10,44,28,2,0,13047
2015,10,44,29,3,0,13516
2015,10,44,30,4,0,13380
2015,10,44,31,5,0,13658
2015,11,44,1,6,0,12187
2015,11,45,2,0,0,12500
2015,11,45,3,1,0,12729
2015,11,45,4,2,0,12612
2015,11,45,5,3,0,12814
2015,11,45,6,4,0,13655
2015,11,45,7,5,0,12831
2015,11,45,8,6,0,12202
2015,11,46,9,0,0,12463
2015,11,46,10,1,0,12835
2015,11,46,11,2,0,14965
2015,11,46,12,3,0,13198
2015,11,46,13,4,0,13547
2015,11,46,14,5,0,14181
2015,11,46,15,6,0,12574
2015,11,47,16,0,0,12874
2015,11,47,17,1,0,13072
2015,11,47,18,2,0,13355
2015,11,47,19,3,0,13442
2015,11,47,20,4,0,14226
2015,11,47,21,5,0,14339
2015,11,47,22,6,0,11435
2015,11,48,23,0,0,13400
2015,11,48,24,1,0,13390
2015,11,48,25,2,0,13055
2015,11,48,26,3,0,13499
2015,11,48,27,4,0,14099
2015,11,48,28,5,0,13842
2015,11,48,29,6,0,11692
2015,11,49,30,0,0,12665
2015,12,49,1,1,0,12392
2015,12,49,2,2,0,13463
2015,12,49,3,3,0,13406
2015,12,49,4,4,0,13495
2015,12,49,5,5,0,13752
2015,12,49,6,6,0,12081
2015,12,50,7,0,0,12941
2015,12,50,8,1,0,13262
2015,12,50,9,2,0,12853
2015,12,50,10,3,0,13083
2015,12,50,11,4,0,15026
2015,12,50,12,5,0,13225
2015,12,50,13,6,0,11338
2015,12,51,14,0,0,12580
2015,12,51,15,1,0,12540
2015,12,51,16,2,0,12541
2015,12,51,17,3,0,12546
2015,12,51,18,4,0,12662
2015,12,51,19,5,0,12374
2015,12,51,20,6,0,10139
2015,12,52,21,0,0,11929
2015,12,52,22,1,0,12591
2015,12,52,23,2,0,10890
2015,12,52,24,3,0,12587
2015,12,52,25,4,0,13494
2015,12,52,26,5,0,13610
2015,12,52,27,6,0,12631
2015,12,53,28,0,0,13947
2015,12,53,29,1,0,12855
2015,12,53,30,2,0,16366
2015,12,53,31,3,0,14395
2016,1,53,1,4,0,14688
2016,1,53,2,5,0,14086
2016,1,53,3,6,0,12099
2016,1,1,4,0,0,13924
2016,1,1,5,1,0,15006
2016,1,1,6,2,0,15338
2016,1,1,7,3,1,16269
2016,1,1,8,4,0,11391
2016,1,1,9,5,0,13656
2016,1,1,10,6,0,13703
2016,1,2,11,0,0,13826
2016,1,2,12,1,0,13962
2016,1,2,13,2,0,13209
2016,1,2,14,3,0,14001
2016,1,2,15,4,0,13835
2016,1,2,16,5,0,14300
2016,1,2,17,6,0,13301
2016,1,3,18,0,0,13402
2016,1,3,19,1,1,12804
2016,1,3,20,2,0,16995
2016,1,3,21,3,0,11160
2016,1,3,22,4,0,13679
2016,1,3,23,5,0,14251
2016,1,3,24,6,0,12670
2016,1,4,25,0,0,13200
2016,1,4,26,1,0,13700
2016,1,4,27,2,0,13604
2016,1,4,28,3,0,13860
2016,1,4,29,4,0,14638
2016,1,4,30,5,0,14483
2016,1,4,31,6,0,13195
2016,2,5,1,0,0,14103
2016,2,5,2,1,0,14130
2016,2,5,3,2,0,14119
2016,2,5,4,3,0,14434
2016,2,5,5,4,0,15154
2016,2,5,6,5,0,14218
2016,2,5,7,6,0,14923
2016,2,6,8,0,0,13994
2016,2,6,9,1,0,13966
2016,2,6,10,2,0,13997
2016,2,6,11,3,0,13697
2016,2,6,12,4,0,15219
2016,2,6,13,5,0,15787
2016,2,6,14,6,0,14358
2016,2,7,15,0,0,13765
2016,2,7,16,1,0,13332
2016,2,7,17,2,0,13667
2016,2,7,18,3,0,13598
2016,2,7,19,4,0,13911
2016,2,7,20,5,0,14337
2016,2,7,21,6,0,12793
2016,2,8,22,0,0,12990
2016,2,8,23,1,0,13079
2016,2,8,24,2,0,13537
2016,2,8,25,3,0,13488
2016,2,8,26,4,0,14069
2016,2,8,27,5,1,14353
2016,2,8,28,6,0,14122
2016,2,9,29,0,0,13419
2016,3,9,1,1,0,14233
2016,3,9,2,2,1,13092
2016,3,9,3,3,0,14235
2016,3,9,4,4,0,14976
2016,3,9,5,5,0,15448
2016,3,9,6,6,0,11895
2016,3,10,7,0,0,13929
2016,3,10,8,1,0,14205
2016,3,10,9,2,0,13973
2016,3,10,10,3,0,14293
2016,3,10,11,4,0,14778
2016,3,10,12,5,0,14862
2016,3,10,13,6,0,12259
2016,3,11,14,0,0,13927
2016,3,11,15,1,0,13936
2016,3,11,16,2,0,14202
2016,3,11,17,3,0,14149
2016,3,11,18,4,0,14806
2016,3,11,19,5,0,14300
2016,3,11,20,6,0,12298
2016,3,12,21,0,0,13357
2016,3,12,22,1,0,13398
2016,3,12,23,2,0,14056
2016,3,12,24,3,0,13963
2016,3,12,25,4,0,14746
2016,3,12,26,5,0,14440
2016,3,12,27,6,0,12195
2016,3,13,28,0,0,13653
2016,3,13,29,1,0,14084
2016,3,13,30,2,0,14398
2016,3,13,31,3,0,14058
2016,4,13,1,4,0,14598
2016,4,13,2,5,0,15995
2016,4,13,3,6,0,18934
2016,4,14,4,0,0,14459
2016,4,14,5,1,0,13938
2016,4,14,6,2,0,14485
2016,4,14,7,3,0,14654
2016,4,14,8,4,0,15130
2016,4,14,9,5,0,15036
2016,4,14,10,6,0,12011
2016,4,15,11,0,0,14507
2016,4,15,12,1,0,14539
2016,4,15,13,2,0,14402
2016,4,15,14,3,0,14285
2016,4,15,15,4,0,14960
2016,4,15,16,5,0,14743
2016,4,15,17,6,1,12220
2016,4,16,18,0,0,14112
2016,4,16,19,1,0,14793
2016,4,16,20,2,0,15190
2016,4,16,21,3,0,15487
2016,4,16,22,4,0,16417
2016,4,16,23,5,0,16338
2016,4,16,24,6,0,12028
2016,4,17,25,0,0,15194
2016,4,17,26,1,0,16449
2016,4,17,27,2,0,17200
2016,4,17,28,3,0,18455
2016,4,17,29,4,0,13039
2016,4,17,30,5,0,11752
2016,5,17,1,6,1,15953
2016,5,18,2,0,0,11605
2016,5,18,3,1,0,14971
2016,5,18,4,2,0,16004
2016,5,18,5,3,0,15350
2016,5,18,6,4,0,16262
2016,5,18,7,5,0,17331
2016,5,18,8,6,0,16339
2016,5,19,9,0,0,15705
2016,5,19,10,1,0,15733
2016,5,19,11,2,0,15419
2016,5,19,12,3,0,15161
2016,5,19,13,4,0,16325
2016,5,19,14,5,0,17294
2016,5,19,15,6,0,15692
2016,5,20,16,0,0,16433
2016,5,20,17,1,0,15969
2016,5,20,18,2,0,15981
2016,5,20,19,3,0,16044
2016,5,20,20,4,0,17025
2016,5,20,21,5,0,17264
2016,5,20,22,6,0,14761
2016,5,21,23,0,0,16083
2016,5,21,24,1,0,16328
2016,5,21,25,2,0,15794
2016,5,21,26,3,0,15967
2016,5,21,27,4,0,16918
2016,5,21,28,5,0,16620
2016,5,21,29,6,0,14536
2016,5,22,30,0,0,16544
2016,5,22,31,1,0,16887
2016,6,22,1,2,0,16977
2016,6,22,2,3,0,16864
2016,6,22,3,4,0,17688
2016,6,22,4,5,0,18247
2016,6,22,5,6,0,15206
2016,6,23,6,0,0,16032
2016,6,23,7,1,0,16270
2016,6,23,8,2,0,16541
2016,6,23,9,3,0,16581
2016,6,23,10,4,0,16816
2016,6,23,11,5,0,17155
2016,6,23,12,6,0,14642
2016,6,24,13,0,0,16241
2016,6,24,14,1,0,16473
2016,6,24,15,2,0,16747
2016,6,24,16,3,0,16435
2016,6,24,17,4,0,17357
2016,6,24,18,5,0,16997
2016,6,24,19,6,0,13092
2016,6,25,20,0,0,16222
2016,6,25,21,1,0,16300
2016,6,25,22,2,0,16665
2016,6,25,23,3,0,16403
2016,6,25,24,4,0,17338
2016,6,25,25,5,0,16987
2016,6,25,26,6,0,13790
2016,6,26,27,0,0,16362
2016,6,26,28,1,0,16555
2016,6,26,29,2,0,16957
2016,6,26,30,3,0,16547
2016,7,26,1,4,0,18443
2016,7,26,2,5,0,18374
2016,7,26,3,6,0,14835
2016,7,27,4,0,0,16924
2016,7,27,5,1,0,16280
2016,7,27,6,2,0,14656
2016,7,27,7,3,0,17917
2016,7,27,8,4,0,18867
2016,7,27,9,5,0,21456
2016,7,27,10,6,0,15374
2016,7,28,11,0,0,17435
2016,7,28,12,1,0,16686
2016,7,28,13,2,0,17610
2016,7,28,14,3,0,18013
2016,7,28,15,4,0,18504
2016,7,28,16,5,0,20305
2016,7,28,17,6,0,18193
2016,7,29,18,0,0,18286
2016,7,29,19,1,0,18336
2016,7,29,20,2,0,17797
2016,7,29,21,3,0,18463
2016,7,29,22,4,0,19609
2016,7,29,23,5,0,20659
2016,7,29,24,6,0,20629
2016,7,30,25,0,0,20361
2016,7,30,26,1,0,17456
2016,7,30,27,2,0,19487
2016,7,30,28,3,0,19916
2016,7,30,29,4,0,20243
2016,7,30,30,5,0,21207
2016,7,30,31,6,0,18622
2016,8,31,1,0,0,19025
2016,8,31,2,1,0,19808
2016,8,31,3,2,0,19309
2016,8,31,4,3,0,19670
2016,8,31,5,4,0,19398
2016,8,31,6,5,0,14774
2016,8,31,7,6,0,14251
2016,8,32,8,0,0,17509
2016,8,32,9,1,0,18084
2016,8,32,10,2,0,18028
2016,8,32,11,3,0,18734
2016,8,32,12,4,0,19020
2016,8,32,13,5,0,18183
2016,8,32,14,6,0,14258
2016,8,33,15,0,0,18011
2016,8,33,16,1,0,19757
2016,8,33,17,2,0,19505
2016,8,33,18,3,0,18827
2016,8,33,19,4,0,20135
2016,8,33,20,5,0,18852
2016,8,33,21,6,0,13061
2016,8,34,22,0,0,16818
2016,8,34,23,1,0,19478
2016,8,34,24,2,0,19045
2016,8,34,25,3,0,19206
2016,8,34,26,4,0,20309
2016,8,34,27,5,0,20320
2016,8,34,28,6,0,18190
2016,8,35,29,0,0,19972
2016,8,35,30,1,0,20215
2016,8,35,31,2,0,20708
2016,9,35,1,3,0,20848
2016,9,35,2,4,0,21316
2016,9,35,3,5,1,21893
2016,9,35,4,6,0,18790
2016,9,36,5,0,0,21302
2016,9,36,6,1,0,20654
2016,9,36,7,2,0,20284
2016,9,36,8,3,0,20285
2016,9,36,9,4,0,20286
2016,9,36,10,5,0,20287
2016,9,36,11,6,1,20288
2016,9,37,12,0,0,20289
2016,9,37,13,1,0,20290
2016,9,37,14,2,0,20291
2016,9,37,15,3,0,20292
2016,9,37,16,4,0,20293
2016,9,37,17,5,0,20294
2016,9,37,18,6,0,20295
2016,9,38,19,0,0,20296
2016,9,38,20,1,0,20297
2016,9,38,21,2,0,20298
2016,9,38,22,3,0,20299
2016,9,38,23,4,0,20300
2016,9,38,24,5,0,20301
2016,9,38,25,6,0,20302
2016,9,39,26,0,0,20303
2016,9,39,27,1,1,20304
2016,9,39,28,2,0,20305
2016,9,39,29,3,0,20306
2016,9,39,30,4,0,20307
2016,10,39,1,5,0,19999
2016,10,39,2,6,0,17553
2016,10,40,3,0,0,14418
2016,10,40,4,1,0,14453
2016,10,40,5,2,0,12247
2016,10,40,6,3,0,12328
2016,10,40,7,4,0,13340
2016,10,40,8,5,0,12658
2016,10,40,9,6,0,19568
2016,10,41,10,0,0,14792
2016,10,41,11,1,0,16069
2016,10,41,12,2,0,17103
2016,10,41,13,3,0,17348
2016,10,41,14,4,0,17904
2016,10,41,15,5,0,16963
2016,10,41,16,6,0,13326
2016,10,42,17,0,0,17613
2016,10,42,18,1,0,23559
2016,10,42,19,2,0,18355
2016,10,42,20,3,0,18560
2016,10,42,21,4,0,18637
2016,10,42,22,5,0,18292
2016,10,42,23,6,0,14724
2016,10,43,24,0,0,18097
2016,10,43,25,1,0,18226
2016,10,43,26,2,0,18583
2016,10,43,27,3,0,23719
2016,10,43,28,4,0,24337
2016,10,43,29,5,0,24576
2016,10,43,30,6,0,20174
2016,10,44,31,0,0,18564
2016,11,44,1,1,0,18734
2016,11,44,2,2,0,19220
2016,11,44,3,3,0,19255
2016,11,44,4,4,0,19922
2016,11,44,5,5,0,19561
2016,11,44,6,6,0,15052
2016,11,45,7,0,0,17243
2016,11,45,8,1,0,17072
2016,11,45,9,2,0,16833
2016,11,45,10,3,0,21845
2016,11,45,11,4,0,17880
2016,11,45,12,5,0,23875
2016,11,45,13,6,0,14594
2016,11,46,14,0,0,17221
2016,11,46,15,1,0,16634
2016,11,46,16,2,0,17104
2016,11,46,17,3,0,18714
2016,11,46,18,4,0,18349
2016,11,46,19,5,0,18108
2016,11,46,20,6,0,15749
2016,11,47,21,0,0,16163
2016,11,47,22,1,0,17272
2016,11,47,23,2,0,17279
2016,11,47,24,3,0,17406
2016,11,47,25,4,0,18006
2016,11,47,26,5,0,17518
2016,11,47,27,6,0,14361
2016,11,48,28,0,0,16323
2016,11,48,29,1,0,16677
2016,11,48,30,2,0,16490
2016,12,48,1,3,0,16816
2016,12,48,2,4,0,17508
2016,12,48,3,5,0,17437
2016,12,48,4,6,0,15736
2016,12,49,5,0,0,16787
2016,12,49,6,1,0,16539
2016,12,49,7,2,0,16932
2016,12,49,8,3,0,16825
2016,12,49,9,4,0,17716
2016,12,49,10,5,0,17525
2016,12,49,11,6,0,14297
2016,12,50,12,0,0,17200
2016,12,50,13,1,0,17480
2016,12,50,14,2,0,17090
2016,12,50,15,3,0,16855
2016,12,50,16,4,0,18150
2016,12,50,17,5,0,17488
2016,12,50,18,6,0,15012
2016,12,51,19,0,0,17512
2016,12,51,20,1,0,22752
2016,12,51,21,2,0,17439
2016,12,51,22,3,0,17824
2016,12,51,23,4,0,18432
2016,12,51,24,5,0,18340
2016,12,51,25,6,0,20173
2016,12,52,26,0,0,24942
2016,12,52,27,1,0,19557
2016,12,52,28,2,0,21412
2016,12,52,29,3,0,25690
2016,12,52,30,4,0,24654
2016,12,52,31,5,0,19034
2017,1,52,1,6,0,14972
2017,1,1,2,0,0,18273
2017,1,1,3,1,0,18672
2017,1,1,4,2,0,19390
2017,1,1,5,3,0,20511
2017,1,1,6,4,0,20175
2017,1,1,7,5,1,18565
2017,1,1,8,6,0,23473
2017,1,2,9,0,0,23268
2017,1,2,10,1,0,18977
2017,1,2,11,2,0,18606
2017,1,2,12,3,0,18733
2017,1,2,13,4,0,19115
2017,1,2,14,5,0,19627
2017,1,2,15,6,0,16526
2017,1,3,16,0,0,18228
2017,1,3,17,1,0,19014
2017,1,3,18,2,0,22390
2017,1,3,19,3,1,21086
2017,1,3,20,4,0,19380
2017,1,3,21,5,0,23095
2017,1,3,22,6,0,16650
2017,1,4,23,0,0,23445
2017,1,4,24,1,0,23297
2017,1,4,25,2,0,23557
2017,1,4,26,3,0,24360
2017,1,4,27,4,0,25085
2017,1,4,28,5,0,26492
2017,1,4,29,6,0,21959
2017,1,5,30,0,0,18486
2017,1,5,31,1,0,19189
2017,2,5,1,2,0,19095
2017,2,5,2,3,0,19305
2017,2,5,3,4,0,20502
2017,2,5,4,5,0,21752
2017,2,5,5,6,0,18493
2017,2,6,6,0,0,18998
2017,2,6,7,1,0,18896
2017,2,6,8,2,0,18971
2017,2,6,9,3,0,19340
2017,2,6,10,4,0,19803
2017,2,6,11,5,0,21332
2017,2,6,12,6,0,18613
2017,2,7,13,0,0,18789
2017,2,7,14,1,0,18553
2017,2,7,15,2,0,19039
2017,2,7,16,3,0,19404
2017,2,7,17,4,0,19535
2017,2,7,18,5,0,20938
2017,2,7,19,6,0,16036
2017,2,8,20,0,0,18626
2017,2,8,21,1,0,18604
2017,2,8,22,2,0,18320
2017,2,8,23,3,0,18388
2017,2,8,24,4,0,19410
2017,2,8,25,5,0,19509
2017,2,8,26,6,0,15744
2017,2,9,27,0,1,18545
2017,2,9,28,1,0,19044
2017,3,9,1,2,0,19548
2017,3,9,2,3,1,17400
2017,3,9,3,4,0,19437
2017,3,9,4,5,0,19571
2017,3,9,5,6,0,15912
2017,3,10,6,0,0,18760
2017,3,10,7,1,0,19047
2017,3,10,8,2,0,18958
2017,3,10,9,3,0,18822
2017,3,10,10,4,0,19255
2017,3,10,11,5,0,19442
2017,3,10,12,6,0,17064
2017,3,11,13,0,0,18974
2017,3,11,14,1,0,18584
2017,3,11,15,2,0,18707
2017,3,11,16,3,0,18798
2017,3,11,17,4,0,19600
2017,3,11,18,5,0,21315
2017,3,11,19,6,0,24380
2017,3,12,20,0,0,17857
2017,3,12,21,1,0,18233
2017,3,12,22,2,0,18469
2017,3,12,23,3,0,18266
2017,3,12,24,4,0,18948
2017,3,12,25,5,0,19941
2017,3,12,26,6,0,16845
2017,3,13,27,0,0,19022
2017,3,13,28,1,0,18529
2017,3,13,29,2,0,18998
2017,3,13,30,3,0,18723
2017,3,13,31,4,0,19335
2017,4,13,1,5,0,19951
2017,4,13,2,6,0,16244
2017,4,14,3,0,0,19201
2017,4,14,4,1,0,19581
2017,4,14,5,2,0,19619
2017,4,14,6,3,0,20118
2017,4,14,7,4,0,21122
2017,4,14,8,5,0,21421
2017,4,14,9,6,0,15917
2017,4,15,10,0,0,19557
2017,4,15,11,1,0,20115
2017,4,15,12,2,0,21606
2017,4,15,13,3,0,23199
2017,4,15,14,4,0,16530
2017,4,15,15,5,0,17859
2017,4,15,16,6,0,17702
2017,4,16,17,0,1,15364
2017,4,16,18,1,0,20038
2017,4,16,19,2,0,20600
2017,4,16,20,3,0,21001
2017,4,16,21,4,0,21313
2017,4,16,22,5,0,22832
2017,4,16,23,6,0,19891
2017,4,17,24,0,0,20766
2017,4,17,25,1,0,21119
2017,4,17,26,2,0,20992
2017,4,17,27,3,0,20645
2017,4,17,28,4,0,21479
2017,4,17,29,5,0,22152
2017,4,17,30,6,0,20100
2017,5,18,1,0,1,19862
2017,5,18,2,1,0,19587
2017,5,18,3,2,0,20450
2017,5,18,4,3,0,21267
2017,5,18,5,4,0,21061
2017,5,18,6,5,0,21151
2017,5,18,7,6,0,20730
2017,5,19,8,0,0,19895
2017,5,19,9,1,0,20551
2017,5,19,10,2,0,21273
2017,5,19,11,3,0,20586
2017,5,19,12,4,0,20707
2017,5,19,13,5,0,21635
2017,5,19,14,6,0,18250
2017,5,20,15,0,0,19398
2017,5,20,16,1,0,19932
2017,5,20,17,2,0,19575
2017,5,20,18,3,0,20250
2017,5,20,19,4,0,21769
2017,5,20,20,5,0,22026
2017,5,20,21,6,0,19778
2017,5,21,22,0,0,21127
2017,5,21,23,1,0,21285
2017,5,21,24,2,0,21952
2017,5,21,25,3,0,22145
2017,5,21,26,4,0,22861
2017,5,21,27,5,0,22019
2017,5,21,28,6,0,18123
2017,5,22,29,0,0,20320
2017,5,22,30,1,0,20708
2017,5,22,31,2,0,20800
2017,6,22,1,3,0,21053
2017,6,22,2,4,0,22020
2017,6,22,3,5,0,22718
2017,6,22,4,6,0,18043
2017,6,23,5,0,0,20419
2017,6,23,6,1,0,20691
2017,6,23,7,2,0,21328
2017,6,23,8,3,0,21793
2017,6,23,9,4,0,21657
2017,6,23,10,5,0,22701
2017,6,23,11,6,0,17664
2017,6,24,12,0,0,21123
2017,6,24,13,1,0,21165
2017,6,24,14,2,0,21825
2017,6,24,15,3,0,21787
2017,6,24,16,4,0,22114
2017,6,24,17,5,0,22713
2017,6,24,18,6,0,17798
2017,6,25,19,0,0,20732
2017,6,25,20,1,0,21385
2017,6,25,21,2,0,21554
2017,6,25,22,3,0,21442
2017,6,25,23,4,0,22069
2017,6,25,24,5,0,21615
2017,6,25,25,6,0,16100
2017,6,26,26,0,0,20162
2017,6,26,27,1,0,21680
2017,6,26,28,2,0,22195
2017,6,26,29,3,0,23154
2017,6,26,30,4,0,24015
2017,7,26,1,5,0,22732
2017,7,26,2,6,0,19006
2017,7,27,3,0,0,21815
2017,7,27,4,1,0,22393
2017,7,27,5,2,0,22864
2017,7,27,6,3,0,23767
2017,7,27,7,4,0,23054
2017,7,27,8,5,0,25045
2017,7,27,9,6,0,18959
2017,7,28,10,0,0,21340
2017,7,28,11,1,0,21032
2017,7,28,12,2,0,21685
2017,7,28,13,3,0,21332
2017,7,28,14,4,0,22348
2017,7,28,15,5,0,22834
2017,7,28,16,6,0,21125
2017,7,29,17,0,0,21792
2017,7,29,18,1,0,22534
2017,7,29,19,2,0,21679
2017,7,29,20,3,0,22391
2017,7,29,21,4,0,22876
2017,7,29,22,5,0,23806
2017,7,29,23,6,0,21999
2017,7,30,24,0,0,23883
2017,7,30,25,1,0,24013
2017,7,30,26,2,0,20665
2017,7,30,27,3,0,25042
2017,7,30,28,4,0,22953
2017,7,30,29,5,0,24043
2017,7,30,30,6,0,21582
2017,7,31,31,0,0,21738
2017,8,31,1,1,0,22151
2017,8,31,2,2,0,21979
2017,8,31,3,3,0,22291
2017,8,31,4,4,0,23305
2017,8,31,5,5,0,24321
2017,8,31,6,6,0,20521
2017,8,32,7,0,0,20779
2017,8,32,8,1,0,20349
2017,8,32,9,2,0,20493
2017,8,32,10,3,0,20620
2017,8,32,11,4,0,21512
2017,8,32,12,5,0,21974
2017,8,32,13,6,0,17923
2017,8,33,14,0,0,20900
2017,8,33,15,1,0,21239
2017,8,33,16,2,0,21546
2017,8,33,17,3,0,21784
2017,8,33,18,4,0,22422
2017,8,33,19,5,0,22287
2017,8,33,20,6,0,18442
2017,8,34,21,0,0,21794
2017,8,34,22,1,0,19137
2017,8,34,23,2,0,19408
2017,8,34,24,3,0,19858
2017,8,34,25,4,0,20668
2017,8,34,26,5,0,21933
2017,8,34,27,6,0,19123
2017,8,35,28,0,0,22669
2017,8,35,29,1,0,22181
2017,8,35,30,2,0,22918
2017,8,35,31,3,0,22979
2017,9,35,1,4,0,17830
2017,9,35,2,5,0,20962
2017,9,35,3,6,1,19533
2017,9,36,4,0,0,21855
2017,9,36,5,1,0,22484
2017,9,36,6,2,0,22864
2017,9,36,7,3,0,22968
2017,9,36,8,4,0,24523
2017,9,36,9,5,0,22228
2017,9,36,10,6,0,20338
2017,9,37,11,0,1,18449
2017,9,37,12,1,0,21749
2017,9,37,13,2,0,21922
2017,9,37,14,3,0,21913
2017,9,37,15,4,0,21871
2017,9,37,16,5,0,22033
2017,9,37,17,6,0,18946
2017,9,38,18,0,0,27675
2017,9,38,19,1,0,27785
2017,9,38,20,2,0,27175
2017,9,38,21,3,0,27965
2017,9,38,22,4,0,21737
2017,9,38,23,5,0,28991
2017,9,38,24,6,0,18941
2017,9,39,25,0,0,26639
2017,9,39,26,1,0,25148
2017,9,39,27,2,1,17975
2017,9,39,28,3,0,24629
2017,9,39,29,4,0,26976
2017,9,39,30,5,0,20604
2017,10,39,1,6,0,19605
2017,10,40,2,0,0,18606
2017,10,40,3,1,0,17607
2017,10,40,4,2,0,20608
2017,10,40,5,3,0,18609
2017,10,40,6,4,0,19610
2017,10,40,7,5,0,20611
2017,10,40,8,6,0,22658
2017,10,41,9,0,0,19568
2017,10,41,10,1,0,18792
2017,10,41,11,2,0,16069
2017,10,41,12,3,0,17103
2017,10,41,13,4,0,17348
2017,10,41,14,5,0,17904
2017,10,41,15,6,0,16963
2017,10,42,16,0,0,17326
2017,10,42,17,1,0,17613
2017,10,42,18,2,0,23559
2017,10,42,19,3,0,18355
2017,10,42,20,4,0,18560
2017,10,42,21,5,0,18637
2017,10,42,22,6,0,18292
2017,10,43,23,0,0,19724
2017,10,43,24,1,0,18097
2017,10,43,25,2,0,18226
2017,10,43,26,3,0,18583
2017,10,43,27,4,0,23719
2017,10,43,28,5,0,24337
2017,10,43,29,6,0,24576
2017,10,44,30,0,0,20174
2017,10,44,31,1,0,18564
2017,11,44,1,2,0,21387
2017,11,44,2,3,0,22119
2017,11,44,3,4,0,22391
2017,11,44,4,5,0,23137
2017,11,44,5,6,0,18903
2017,11,45,6,0,0,21139
2017,11,45,7,1,0,21474
2017,11,45,8,2,0,21600
2017,11,45,9,3,0,21761
2017,11,45,10,4,0,22321
2017,11,45,11,5,0,23288
2017,11,45,12,6,0,19902
2017,11,46,13,0,0,21614
2017,11,46,14,1,0,21673
2017,11,46,15,2,0,22053
2017,11,46,16,3,0,22182
2017,11,46,17,4,0,23032
2017,11,46,18,5,0,23291
2017,11,46,19,6,0,21084
2017,11,47,20,0,0,22203
2017,11,47,21,1,0,20662
2017,11,47,22,2,0,21536
2017,11,47,23,3,0,22331
2017,11,47,24,4,0,22392
2017,11,47,25,5,0,22541
2017,11,47,26,6,0,18107
2017,11,48,27,0,0,21746
2017,11,48,28,1,0,21561
2017,11,48,29,2,0,22048
2017,11,48,30,3,0,18542
2017,12,48,1,4,0,22402
2017,12,48,2,5,0,22279
2017,12,48,3,6,0,18852
2017,12,49,4,0,0,22453
2017,12,49,5,1,0,22141
2017,12,49,6,2,0,22598
2017,12,49,7,3,0,22378
2017,12,49,8,4,0,22865
2017,12,49,9,5,0,23158
2017,12,49,10,6,0,18674
2017,12,50,11,0,0,22085
2017,12,50,12,1,0,21629
2017,12,50,13,2,0,22056
2017,12,50,14,3,0,22215
2017,12,50,15,4,0,22586
2017,12,50,16,5,0,22843
2017,12,50,17,6,0,18477
2017,12,51,18,0,0,22360
2017,12,51,19,1,0,22191
2017,12,51,20,2,0,28299
2017,12,51,21,3,0,22312
2017,12,51,22,4,0,23360
2017,12,51,23,5,0,23119
2017,12,51,24,6,0,23540
2017,12,52,25,0,0,28584
2017,12,52,26,1,0,23701
2017,12,52,27,2,0,24306
2017,12,52,28,3,0,21206
2017,12,52,29,4,0,31784
2017,12,52,30,5,0,30688
2017,12,52,31,6,0,18789
2018,1,1,1,0,0,22996
2018,1,1,2,1,0,23238
2018,1,1,3,2,0,24181
2018,1,1,4,3,0,24878
2018,1,1,5,4,0,26903
2018,1,1,6,5,0,21751
2018,1,1,7,6,1,19273
2018,1,2,8,0,0,19867
2018,1,2,9,1,0,29732
2018,1,2,10,2,0,30047
2018,1,2,11,3,0,23821
2018,1,2,12,4,0,24897
2018,1,2,13,5,0,25511
2018,1,2,14,6,0,22560
2018,1,3,15,0,0,23244
2018,1,3,16,1,0,23931
2018,1,3,17,2,0,24583
2018,1,3,18,3,0,26530
2018,1,3,19,4,1,24282
2018,1,3,20,5,0,27265
2018,1,3,21,6,0,19680
2018,1,4,22,0,0,22818
2018,1,4,23,1,0,23750
2018,1,4,24,2,0,29719
2018,1,4,25,3,0,23930
2018,1,4,26,4,0,24964
2018,1,4,27,5,0,25125
2018,1,4,28,6,0,21469
2018,1,5,29,0,0,23011
2018,1,5,30,1,0,24446
2018,1,5,31,2,0,25034
2018,2,5,1,3,0,24860
2018,2,5,2,4,0,25085
2018,2,5,3,5,0,25746
2018,2,5,4,6,0,23196
2018,2,6,5,0,0,23081
2018,2,6,6,1,0,23662
2018,2,6,7,2,0,23513
2018,2,6,8,3,0,23608
2018,2,6,9,4,0,24059
2018,2,6,10,5,0,24626
2018,2,6,11,6,0,19398
2018,2,7,12,0,0,26064
2018,2,7,13,1,0,26200
2018,2,7,14,2,0,25275
2018,2,7,15,3,0,26801
2018,2,7,16,4,0,19618
2018,2,7,17,5,0,28753
2018,2,7,18,6,0,24549
2018,2,8,19,0,0,20354
2018,2,8,20,1,0,21442
2018,2,8,21,2,0,21174
2018,2,8,22,3,0,21564
2018,2,8,23,4,0,21836
2018,2,8,24,5,0,21451
2018,2,8,25,6,0,16640
2018,2,9,26,0,0,21246
2018,2,9,27,1,1,21780
2018,2,9,28,2,0,21386
2018,3,9,1,3,0,19548
2018,3,9,2,4,1,27400
2018,3,9,3,5,0,19437
2018,3,9,4,6,0,19571
2018,3,10,5,0,0,25912
2018,3,10,6,1,0,18760
2018,3,10,7,2,0,19047
2018,3,10,8,3,0,18958
2018,3,10,9,4,0,18822
2018,3,10,10,5,0,19255
2018,3,10,11,6,0,19442
2018,3,11,12,0,0,17064
2018,3,11,13,1,0,18974
2018,3,11,14,2,0,18584
2018,3,11,15,3,0,18707
2018,3,11,16,4,0,18798
2018,3,11,17,5,0,19600
2018,3,11,18,6,0,21315
2018,3,12,19,0,0,24380
2018,3,12,20,1,0,17857
2018,3,12,21,2,0,18233
2018,3,12,22,3,0,18469
2018,3,12,23,4,0,18266
2018,3,12,24,5,0,18948
2018,3,12,25,6,0,19941
2018,3,13,26,0,0,16845
2018,3,13,27,1,0,19022
2018,3,13,28,2,0,18529
2018,3,13,29,3,0,18998
2018,3,13,30,4,0,18723
2018,3,13,31,5,0,19335
2018,4,13,1,6,0,14574
2018,4,14,2,0,0,19329
2018,4,14,3,1,0,20002
2018,4,14,4,2,0,22043
2018,4,14,5,3,0,22596
2018,4,14,6,4,0,26889
2018,4,14,7,5,0,24767
2018,4,14,8,6,0,17419
2018,4,15,9,0,0,24060
2018,4,15,10,1,0,19072
2018,4,15,11,2,0,19856
2018,4,15,12,3,0,20032
2018,4,15,13,4,0,20727
2018,4,15,14,5,0,21119
2018,4,15,15,6,0,18939
2018,4,16,16,0,0,20584
2018,4,16,17,1,1,20431
2018,4,16,18,2,0,20494
2018,4,16,19,3,0,20111
2018,4,16,20,4,0,21150
2018,4,16,21,5,0,21344
2018,4,16,22,6,0,17989
2018,4,17,23,0,0,19473
2018,4,17,24,1,0,20158
2018,4,17,25,2,0,20577
2018,4,17,26,3,0,20650
2018,4,17,27,4,0,20853
2018,4,17,28,5,0,21158
2018,4,17,29,6,0,17986
2018,4,18,30,0,0,20200
2018,5,18,1,1,1,14638
2018,5,18,2,2,0,18789
2018,5,18,3,3,0,18568
2018,5,18,4,4,0,19939
2018,5,18,5,5,0,19518
2018,5,18,6,6,0,19664
2018,5,19,7,0,0,19125
2018,5,19,8,1,0,18679
2018,5,19,9,2,0,18312
2018,5,19,10,3,0,18955
2018,5,19,11,4,0,19710
2018,5,19,12,5,0,19798
2018,5,19,13,6,0,17042
2018,5,20,14,0,0,19017
2018,5,20,15,1,0,19320
2018,5,20,16,2,0,19384
2018,5,20,17,3,0,17816
2018,5,20,18,4,0,19239
2018,5,20,19,5,0,19003
2018,5,20,20,6,0,19811
2018,5,21,21,0,0,18173
2018,5,21,22,1,0,18301
2018,5,21,23,2,0,18976
2018,5,21,24,3,0,18565
2018,5,21,25,4,0,19284
2018,5,21,26,5,0,20499
2018,5,21,27,6,0,15941
2018,5,22,28,0,0,16497
2018,5,22,29,1,0,18124
2018,5,22,30,2,0,18996
2018,5,22,31,3,0,18342
2018,6,22,1,4,0,18947
2018,6,22,2,5,0,18940
2018,6,22,3,6,0,24911
2018,6,23,4,0,0,18245
2018,6,23,5,1,0,18591
2018,6,23,6,2,0,18915
2018,6,23,7,3,0,18242
2018,6,23,8,4,0,19010
2018,6,23,9,5,0,18958
2018,6,23,10,6,0,19939
2018,6,24,11,0,0,18331
2018,6,24,12,1,0,18736
2018,6,24,13,2,0,18635
2018,6,24,14,3,0,17793
2018,6,24,15,4,0,23512
2018,6,24,16,5,0,25506
2018,6,24,17,6,0,24398
2018,6,25,18,0,0,27971
2018,6,25,19,1,0,27935
2018,6,25,20,2,0,18941
2018,6,25,21,3,0,18735
2018,6,25,22,4,0,19615
2018,6,25,23,5,0,24383
2018,6,25,24,6,0,24189
2018,6,26,25,0,0,27971
2018,6,26,26,1,0,28220
2018,6,26,27,2,0,20323
2018,6,26,28,3,0,28887
2018,6,26,29,4,0,20370
2018,6,26,30,5,0,19797
2018,7,26,1,6,0,23729
2018,7,27,2,0,0,24574
2018,7,27,3,1,0,25017
2018,7,27,4,2,0,24359
2018,7,27,5,3,0,26394
2018,7,27,6,4,0,25681
2018,7,27,7,5,0,21993
2018,7,27,8,6,0,21993
2018,7,28,9,0,0,18690
2018,7,28,10,1,0,18764
2018,7,28,11,2,0,19333
2018,7,28,12,3,0,18702
2018,7,28,13,4,0,19699
2018,7,28,14,5,0,18957
2018,7,28,15,6,0,17294
2018,7,29,16,0,0,18906
2018,7,29,17,1,0,18464
2018,7,29,18,2,0,18942
2018,7,29,19,3,0,19463
2018,7,29,20,4,0,20817
2018,7,29,21,5,0,20539
2018,7,29,22,6,0,18504
2018,7,30,23,0,0,19935
2018,7,30,24,1,0,21971
2018,7,30,25,2,0,21343
2018,7,30,26,3,0,17861
2018,7,30,27,4,0,22216
2018,7,30,28,5,0,20343
2018,7,30,29,6,0,17089
2018,7,31,30,0,0,18789
2018,7,31,31,1,0,19084
2018,8,31,1,2,0,18673
2018,8,31,2,3,0,19053
2018,8,31,3,4,0,20252
2018,8,31,4,5,0,20740
2018,8,31,5,6,0,18159
2018,8,32,6,0,0,18843
2018,8,32,7,1,0,18569
2018,8,32,8,2,0,18803
2018,8,32,9,3,0,18804
2018,8,32,10,4,0,18806
2018,8,32,11,5,0,19214
2018,8,32,12,6,0,16243
2018,8,33,13,0,0,18397
2018,8,33,14,1,0,19108
2018,8,33,15,2,0,19100
2018,8,33,16,3,0,18349
2018,8,33,17,4,0,19646
2018,8,33,18,5,0,18506
2018,8,33,19,6,0,19908
2018,8,34,20,0,0,18849
2018,8,34,21,1,0,19961
2018,8,34,22,2,0,18114
2018,8,34,23,3,0,19963
2018,8,34,24,4,0,21434
2018,8,34,25,5,0,21845
2018,8,34,26,6,0,18512
2018,8,35,27,0,0,21277
2018,8,35,28,1,0,21001
2018,8,35,29,2,0,20372
2018,8,35,30,3,0,21381
2018,8,35,31,4,0,22849
2018,9,35,1,5,0,22369
2018,9,35,2,6,0,18921
2018,9,36,3,0,1,22091
2018,9,36,4,1,0,22136
2018,9,36,5,2,0,22411
2018,9,36,6,3,0,22854
2018,9,36,7,4,0,23928
2018,9,36,8,5,0,23467
2018,9,36,9,6,0,18545
2018,9,37,10,0,0,27166
2018,9,37,11,1,1,19086
2018,9,37,12,2,0,15427
2018,9,37,13,3,0,18847
2018,9,37,14,4,0,18606
2018,9,37,15,5,0,18754
2018,9,37,16,6,0,15508
2018,9,38,17,0,0,16967
2018,9,38,18,1,0,17582
2018,9,38,19,2,0,20049
2018,9,38,20,3,0,20568
2018,9,38,21,4,0,21788
2018,9,38,22,5,0,20978
2018,9,38,23,6,0,16596
2018,9,39,24,0,0,20628
2018,9,39,25,1,0,20918
2018,9,39,26,2,0,19248
2018,9,39,27,3,1,19077
2018,9,39,28,4,0,17947
2018,9,39,29,5,0,19777
2018,9,39,30,6,0,16838
2018,10,40,1,0,0,19877
2018,10,40,2,1,0,21193
2018,10,40,3,2,0,21001
2018,10,40,4,3,0,20684
2018,10,40,5,4,0,21394
2018,10,40,6,5,0,21357
2018,10,40,7,6,0,17313
2018,10,41,8,0,0,20638
2018,10,41,9,1,0,20611
2018,10,41,10,2,0,20469
2018,10,41,11,3,0,20852
2018,10,41,12,4,0,21621
2018,10,41,13,5,0,20972
2018,10,41,14,6,0,18364
2018,10,42,15,0,0,19785
2018,10,42,16,1,0,19925
2018,10,42,17,2,0,19654
2018,10,42,18,3,0,19937
2018,10,42,19,4,0,20968
2018,10,42,20,5,0,20565
2018,10,42,21,6,0,17451
2018,10,43,22,0,0,20544
2018,10,43,23,1,0,20640
2018,10,43,24,2,0,20397
2018,10,43,25,3,0,21190
2018,10,43,26,4,0,21369
2018,10,43,27,5,0,21209
2018,10,43,28,6,0,17376
2018,10,44,29,0,0,19427
2018,10,44,30,1,0,20145
2018,10,44,31,2,0,20150
2018,11,44,1,3,0,19728
2018,11,44,2,4,0,20868
2018,11,44,3,5,0,18488
2018,11,44,4,6,0,17503
2018,11,45,5,0,0,19404
2018,11,45,6,1,0,19312
2018,11,45,7,2,0,19316
2018,11,45,8,3,0,19536
2018,11,45,9,4,0,20057
2018,11,45,10,5,0,19983
2018,11,45,11,6,0,16275
2018,11,46,12,0,0,18817
2018,11,46,13,1,0,19006
2018,11,46,14,2,0,19079
2018,11,46,15,3,0,19612
2018,11,46,16,4,0,20362
2018,11,46,17,5,0,20005
2018,11,46,18,6,0,16748
2018,11,47,19,0,0,19241
2018,11,47,20,1,0,16241
2018,11,47,21,2,0,18463
2018,11,47,22,3,0,19215
2018,11,47,23,4,0,19515
2018,11,47,24,5,0,19588
2018,11,47,25,6,0,19304
2018,11,48,26,0,0,18875
2018,11,48,27,1,0,19059
2018,11,48,28,2,0,18841
2018,11,48,29,3,0,18942
2018,11,48,30,4,0,19741
2018,12,48,1,5,0,19919
2018,12,48,2,6,0,16341
2018,12,49,3,0,0,18931
2018,12,49,4,1,0,19373
2018,12,49,5,2,0,19362
2018,12,49,6,3,0,19129
2018,12,49,7,4,0,20250
2018,12,49,8,5,0,19450
2018,12,49,9,6,0,16293
2018,12,50,10,0,0,19556
2018,12,50,11,1,0,19585
2018,12,50,12,2,0,19907
2018,12,50,13,3,0,19716
2018,12,50,14,4,0,20604
2018,12,50,15,5,0,20445
2018,12,50,16,6,0,21439
2018,12,51,17,0,0,19228
2018,12,51,18,1,0,19833
2018,12,51,19,2,0,19659
2018,12,51,20,3,0,19743
2018,12,51,21,4,0,20453
2018,12,51,22,5,0,20778
2018,12,51,23,6,0,16499
2018,12,52,24,0,0,19935
2018,12,52,25,1,0,21668
2018,12,52,26,2,0,22689
2018,12,52,27,3,0,22283
2018,12,52,28,4,0,19138
2018,12,52,29,5,0,23365
2018,12,52,30,6,0,17437
2018,12,1,31,0,0,19964
2019,1,1,1,1,0,20549
2019,1,1,2,2,0,21251
2019,1,1,3,3,0,21091
2019,1,1,4,4,0,23544
2019,1,1,5,5,0,22778
2019,1,1,6,6,0,16098
2019,1,2,7,0,1,16699
2019,1,2,8,1,0,16714
2019,1,2,9,2,0,21220
2019,1,2,10,3,0,22081
2019,1,2,11,4,0,21038
2019,1,2,12,5,0,23189
2019,1,2,13,6,0,19247
2019,1,3,14,0,0,18673
2019,1,3,15,1,0,19746
2019,1,3,16,2,0,19771
2019,1,3,17,3,0,20785
2019,1,3,18,4,0,18543
2019,1,3,19,5,1,19355
2019,1,3,20,6,0,17655
2019,1,4,21,0,0,18806
2019,1,4,22,1,0,21092
2019,1,4,23,2,0,21109
2019,1,4,24,3,0,20983
2019,1,4,25,4,0,21882
2019,1,4,26,5,0,22375
2019,1,4,27,6,0,18590
2019,1,5,28,0,0,20112
2019,1,5,29,1,0,19673
2019,1,5,30,2,0,20376
2019,1,5,31,3,0,20983
2019,2,5,1,4,0,22231
2019,2,5,2,5,0,22844
2019,2,5,3,6,0,19648
2019,2,6,4,0,0,20578
2019,2,6,5,1,0,21876
2019,2,6,6,2,0,22076
2019,2,6,7,3,0,21913
2019,2,6,8,4,0,22566
2019,2,6,9,5,0,23406
2019,2,6,10,6,0,19734
2019,2,7,11,0,0,20874
2019,2,7,12,1,0,17852
2019,2,7,13,2,0,20435
2019,2,7,14,3,0,20367
2019,2,7,15,4,0,20786
2019,2,7,16,5,0,21633
2019,2,7,17,6,0,17588
2019,2,8,18,0,0,19728
2019,2,8,19,1,0,19822
2019,2,8,20,2,0,20255
2019,2,8,21,3,0,20207
2019,2,8,22,4,0,21386
2019,2,8,23,5,0,21549
2019,2,8,24,6,0,18415
2019,2,9,25,0,0,20425
2019,2,9,26,1,0,20879
2019,2,9,27,2,1,20970
2019,2,9,28,3,0,20802
2019,3,9,1,4,0,26477
2019,3,9,2,5,0,25227
2019,3,9,3,6,1,18552
2019,3,10,4,0,0,23424
2019,3,10,5,1,0,24157
2019,3,10,6,2,0,23933
2019,3,10,7,3,0,24089
2019,3,10,8,4,0,23561
2019,3,10,9,5,0,23959
2019,3,10,10,6,0,27788
2019,3,11,11,0,0,22868
2019,3,11,12,1,0,23353
2019,3,11,13,2,0,23478
2019,3,11,14,3,0,23641
2019,3,11,15,4,0,24067
2019,3,11,16,5,0,23594
2019,3,11,17,6,0,28621
2019,3,12,18,0,0,22811
2019,3,12,19,1,0,22976
2019,3,12,20,2,0,23196
2019,3,12,21,3,0,22809
2019,3,12,22,4,0,23528
2019,3,12,23,5,0,23669
2019,3,12,24,6,0,18343
2019,3,13,25,0,0,22281
2019,3,13,26,1,0,22606
2019,3,13,27,2,0,22439
2019,3,13,28,3,0,22709
2019,3,13,29,4,0,23681
2019,3,13,30,5,0,25493
2019,3,13,31,6,0,26642
2019,4,14,1,0,0,22822
2019,4,14,2,1,0,23167
2019,4,14,3,2,0,23599
2019,4,14,4,3,0,24173
2019,4,14,5,4,0,24108
2019,4,14,6,5,0,24061
2019,4,14,7,6,0,19218
2019,4,15,8,0,0,22583
2019,4,15,9,1,0,23281
2019,4,15,10,2,0,23411
2019,4,15,11,3,0,23176
2019,4,15,12,4,0,23953
2019,4,15,13,5,0,23316
2019,4,15,14,6,0,22689
2019,4,16,15,0,0,22783
2019,4,16,16,1,0,23435
2019,4,16,17,2,1,23653
2019,4,16,18,3,0,24379
2019,4,16,19,4,0,24833
2019,4,16,20,5,0,24172
2019,4,16,21,6,0,18264
2019,4,17,22,0,0,23846
2019,4,17,23,1,0,25158
2019,4,17,24,2,0,26464
2019,4,17,25,3,0,28039
2019,4,17,26,4,0,20140
2019,4,17,27,5,0,18499
2019,4,17,28,6,0,18786
2019,4,18,29,0,0,16618
2019,4,18,30,1,0,24693
2019,5,18,1,2,1,24604
2019,5,18,2,3,0,25102
2019,5,18,3,4,0,26508
2019,5,18,4,5,0,27620
2019,5,18,5,6,0,23113
2019,5,19,6,0,0,24147
2019,5,19,7,1,0,24362
2019,5,19,8,2,0,24463
2019,5,19,9,3,0,21656
2019,5,19,10,4,0,24008
2019,5,19,11,5,0,24226
2019,5,19,12,6,0,21377
2019,5,20,13,0,0,22645
2019,5,20,14,1,0,22783
2019,5,20,15,2,0,22814
2019,5,20,16,3,0,23706
2019,5,20,17,4,0,24729
2019,5,20,18,5,0,24802
2019,5,20,19,6,0,19621
2019,5,21,20,0,0,21613
2019,5,21,21,1,0,23226
2019,5,21,22,2,0,23193
2019,5,21,23,3,0,23118
2019,5,21,24,4,0,24041
2019,5,21,25,5,0,24870
2019,5,21,26,6,0,20254
2019,5,22,27,0,0,23174
2019,5,22,28,1,0,20660
2019,5,22,29,2,0,23432
2019,5,22,30,3,0,23245
2019,5,22,31,4,0,24358
2019,6,22,1,5,0,23933
2019,6,22,2,6,0,20387
2019,6,23,3,0,0,22228
2019,6,23,4,1,0,16489
2019,6,23,5,2,0,21467
2019,6,23,6,3,0,23549
2019,6,23,7,4,0,25601
2019,6,23,8,5,0,24741
2019,6,23,9,6,0,20958
2019,6,24,10,0,0,22721
2019,6,24,11,1,0,23332
2019,6,24,12,2,0,24186
2019,6,24,13,3,0,25492
2019,6,24,14,4,0,25641
2019,6,24,15,5,0,25280
2019,6,24,16,6,0,21017
2019,6,25,17,0,0,23835
2019,6,25,18,1,0,23773
2019,6,25,19,2,0,23674
2019,6,25,20,3,0,25265
2019,6,25,21,4,0,25319
2019,6,25,22,5,0,25336
2019,6,25,23,6,0,24174
2019,6,26,24,0,0,19716
2019,6,26,25,1,0,22165
2019,6,26,26,2,0,22468
2019,6,26,27,3,0,23588
2019,6,26,28,4,0,24167
2019,6,26,29,5,0,25010
2019,6,26,30,6,0,19394
2019,7,27,1,0,0,19771
2019,7,27,2,1,0,27771
2019,7,27,3,2,0,26771
2019,7,27,4,3,0,22772
2019,7,27,5,4,0,24773
2019,7,27,6,5,0,25774
2019,7,27,7,6,0,26775
2019,7,28,8,0,0,26776
2019,7,28,9,1,0,27777
2019,7,28,10,2,0,25778
2019,7,28,11,3,0,23779
2019,7,28,12,4,0,23780
2019,7,28,13,5,0,22781
2019,7,28,14,6,0,21782
2019,7,29,15,0,0,20783
2019,7,29,16,1,0,22784
2019,7,29,17,2,0,24785
2019,7,29,18,3,0,26786
2019,7,29,19,4,0,25787
2019,7,29,20,5,0,25788
2019,7,29,21,6,0,27789
2019,7,30,22,0,0,26990
2019,7,30,23,1,0,29791
2019,7,30,24,2,0,26792
2019,7,30,25,3,0,27793
2019,7,30,26,4,0,25794
2019,7,30,27,5,0,25795
2019,7,30,28,6,0,26796
2019,7,31,29,0,0,27797
2019,7,31,30,1,0,25798
2019,7,31,31,2,0,26799
2019,8,31,1,3,0,22603
2019,8,31,2,4,0,26199
2019,8,31,3,5,0,26508
2019,8,31,4,6,0,24093
2019,8,32,5,0,0,24184
2019,8,32,6,1,0,24368
2019,8,32,7,2,0,24117
2019,8,32,8,3,0,24284
2019,8,32,9,4,0,25627
2019,8,32,10,5,0,25840
2019,8,32,11,6,0,27604
2019,8,33,12,0,0,21380
2019,8,33,13,1,0,23684
2019,8,33,14,2,0,23651
2019,8,33,15,3,0,24393
2019,8,33,16,4,0,24524
2019,8,33,17,5,0,23326
2019,8,33,18,6,0,26321
2019,8,34,19,0,0,22801
2019,8,34,20,1,0,24265
2019,8,34,21,2,0,24715
2019,8,34,22,3,0,22003
2019,8,34,23,4,0,25590
2019,8,34,24,5,0,24691
2019,8,34,25,6,0,22658
2019,8,35,26,0,0,24765
2019,8,35,27,1,0,25395
2019,8,35,28,2,0,25004
2019,8,35,29,3,0,26300
2019,8,35,30,4,0,26403
2019,8,35,31,5,0,27008
2019,9,35,1,6,0,23846
2019,9,36,2,0,0,24964
2019,9,36,3,1,1,26131
2019,9,36,4,2,0,25992
2019,9,36,5,3,0,26571
2019,9,36,6,4,0,27829
2019,9,36,7,5,0,25951
2019,9,36,8,6,0,23104
2019,9,37,9,0,0,25353
2019,9,37,10,1,0,27571
2019,9,37,11,2,1,17132
2019,9,37,12,3,0,18120
2019,9,37,13,4,0,18435
2019,9,37,14,5,0,19348
2019,9,37,15,6,0,19432
2019,9,38,16,0,0,18678
2019,9,38,17,1,0,21076
2019,9,38,18,2,0,17534
2019,9,38,19,3,0,19321
2019,9,38,20,4,0,16012
2019,9,38,21,5,0,21456
2019,9,38,22,6,0,21980
2019,9,39,23,0,0,19532
2019,9,39,24,1,0,23652
2019,9,39,25,2,0,22987
2019,9,39,26,3,0,24876
2019,9,39,27,4,1,22765
2019,9,39,28,5,0,19834
2019,9,39,29,6,0,19987
2019,9,40,30,0,0,20123
2019,10,40,1,1,0,19877
2019,10,40,2,2,0,21193
2019,10,40,3,3,0,21001
2019,10,40,4,4,0,20684
2019,10,40,5,5,0,21394
2019,10,40,6,6,0,21300
2019,10,41,7,0,0,17313
2019,10,41,8,1,0,20638
2019,10,41,9,2,0,20611
2019,10,41,10,3,0,20469
2019,10,41,11,4,0,20852
2019,10,41,12,5,0,21611
2019,10,41,13,6,0,20972
2019,10,42,14,0,0,18364
2019,10,42,15,1,0,19785
2019,10,42,16,2,0,19925
2019,10,42,17,3,0,19654
2019,10,42,18,4,0,19937
2019,10,42,19,5,0,20968
2019,10,42,20,6,0,20565
2019,10,43,21,0,0,17451
2019,10,43,22,1,0,20544
2019,10,43,23,2,0,20640
2019,10,43,24,3,0,20397
2019,10,43,25,4,0,21190
2019,10,43,26,5,0,21369
2019,10,43,27,6,0,21209
2019,10,44,28,0,0,17376
2019,10,44,29,1,0,19427
2019,10,44,30,2,0,20145
2019,10,44,31,3,0,20150
2019,11,44,1,4,0,19728
2019,11,44,2,5,0,20868
2019,11,44,3,6,0,18431
2019,11,45,4,0,0,17503
2019,11,45,5,1,0,19404
2019,11,45,6,2,0,19312
2019,11,45,7,3,0,19316
2019,11,45,8,4,0,19536
2019,11,45,9,5,0,20057
2019,11,45,10,6,0,19983
2019,11,46,11,0,0,16275
2019,11,46,12,1,0,18817
2019,11,46,13,2,0,19006
2019,11,46,14,3,0,19079
2019,11,46,15,4,0,19612
2019,11,46,16,5,0,20362
2019,11,46,17,6,0,20005
2019,11,47,18,0,0,26748
2019,11,47,19,1,0,19241
2019,11,47,20,2,0,16241
2019,11,47,21,3,0,18463
2019,11,47,22,4,0,19215
2019,11,47,23,5,0,19515
2019,11,47,24,6,0,19588
2019,11,48,25,0,0,15304
2019,11,48,26,1,0,18875
2019,11,48,27,2,0,18859
2019,11,48,28,3,0,18841
2019,11,48,29,4,0,18942
2019,11,48,30,5,0,19741
2019,12,48,1,6,0,19919
2019,12,49,2,0,0,16341
2019,12,49,3,1,0,18931
2019,12,49,4,2,0,19373
2019,12,49,5,3,0,19362
2019,12,49,6,4,0,19129
2019,12,49,7,5,0,20250
2019,12,49,8,6,0,19450
2019,12,50,9,0,0,16293
2019,12,50,10,1,0,19556
2019,12,50,11,2,0,19585
2019,12,50,12,3,0,19907
2019,12,50,13,4,0,19716
2019,12,50,14,5,0,20604
2019,12,50,15,6,0,20445
2019,12,51,16,0,0,16297
2019,12,51,17,1,0,19228
2019,12,51,18,2,0,19833
2019,12,51,19,3,0,19659
2019,12,51,20,4,0,19743
2019,12,51,21,5,0,20453
2019,12,51,22,6,0,20778
2019,12,52,23,0,0,16499
2019,12,52,24,1,0,19935
2019,12,52,25,2,0,21668
2019,12,52,26,3,0,22689
2019,12,52,27,4,0,22283
2019,12,52,28,5,0,19138
2019,12,52,29,6,0,23365
2019,12,1,30,0,0,27437
2019,12,1,31,1,0,23964
2020,1,1,1,2,0,20549
2020,1,1,2,3,0,21251
2020,1,1,3,4,0,21091
2020,1,1,4,5,0,23544
2020,1,1,5,6,0,22778
2020,1,2,6,0,0,26098
2020,1,2,7,1,1,28128
2020,1,2,8,2,0,26714
2020,1,2,9,3,0,21220
2020,1,2,10,4,0,22081
2020,1,2,11,5,0,21038
2020,1,2,12,6,0,23189
2020,1,3,13,0,0,19247
2020,1,3,14,1,0,18673
2020,1,3,15,2,0,19746
2020,1,3,16,3,0,19771
2020,1,3,17,4,0,20785
2020,1,3,18,5,0,18543
2020,1,3,19,6,1,29355
2020,1,4,20,0,0,22655
2020,1,4,21,1,0,18806
2020,1,4,22,2,0,21092
2020,1,4,23,3,0,21109
2020,1,4,24,4,0,20983
2020,1,4,25,5,0,21882
2020,1,4,26,6,0,22375
2020,1,5,27,0,0,21590
2020,1,5,28,1,0,20112
2020,1,5,29,2,0,19673
2020,1,5,30,3,0,24948
2020,1,5,31,4,0,20983
2020,2,5,1,5,0,28218
2020,2,5,2,6,0,25535
2020,2,6,3,0,0,27049
2020,2,6,4,1,0,27651
2020,2,6,5,2,0,27636
2020,2,6,6,3,0,28040
2020,2,6,7,4,0,28619
2020,2,6,8,5,0,29149
2020,2,6,9,6,0,24418
2020,2,7,10,0,0,26464
2020,2,7,11,1,0,26806
2020,2,7,12,2,0,25991
2020,2,7,13,3,0,26162
2020,2,7,14,4,0,27046
2020,2,7,15,5,0,28577
2020,2,7,16,6,0,24369
2020,2,8,17,0,0,25832
2020,2,8,18,1,0,25936
2020,2,8,19,2,0,25153
2020,2,8,20,3,0,26050
2020,2,8,21,4,0,26914
2020,2,8,22,5,0,27347
2020,2,8,23,6,0,20017
2020,2,9,24,0,0,24341
2020,2,9,25,1,0,25183
2020,2,9,26,2,0,25575
2020,2,9,27,3,1,24917
2020,2,9,28,4,0,26468
2020,2,9,29,5,0,25692
2020,3,9,1,6,0,20462
2020,3,10,2,0,1,21257
2020,3,10,3,1,0,24357
2020,3,10,4,2,0,24771
2020,3,10,5,3,0,25203
2020,3,10,6,4,0,25321
2020,3,10,7,5,0,25653
2020,3,10,8,6,0,20159
2020,3,11,9,0,0,24426
2020,3,11,10,1,0,24903
2020,3,11,11,2,0,25509
2020,3,11,12,3,0,25703
2020,3,11,13,4,0,25669
2020,3,11,14,5,0,24834
2020,3,11,15,6,0,18950
2020,3,12,16,0,0,22936
2020,3,12,17,1,0,22684
2020,3,12,18,2,0,22653
2020,3,12,19,3,0,22574
2020,3,12,20,4,0,22874
2020,3,12,21,5,0,23236
2020,3,12,22,6,0,20982
2020,3,13,23,0,0,20494
2020,3,13,24,1,0,21645
2020,3,13,25,2,0,21546
2020,3,13,26,3,0,21758
2020,3,13,27,4,0,22004
2020,3,13,28,5,0,24770
2020,3,13,29,6,0,22567
2020,3,14,30,0,0,25370
2020,3,14,31,1,0,25161
2020,4,14,1,2,0,24546
2020,4,14,2,3,0,25582
2020,4,14,3,4,0,21138
2020,4,14,4,5,0,24908
2020,4,14,5,6,0,19515
2020,4,15,6,0,0,15678
2020,4,15,7,1,0,16703
2020,4,15,8,2,0,16456
2020,4,15,9,3,0,16791
2020,4,15,10,4,0,17417
2020,4,15,11,5,0,16414
2020,4,15,12,6,0,20882
2020,4,16,13,0,0,16778
2020,4,16,14,1,0,18708
2020,4,16,15,2,0,20248
2020,4,16,16,3,0,21726
2020,4,16,17,4,1,15765
2020,4,16,18,5,0,14412
2020,4,16,19,6,0,15630
2020,4,17,20,0,0,20985
2020,4,17,21,1,0,17535
2020,4,17,22,2,0,20170
2020,4,17,23,3,0,19678
2020,4,17,24,4,0,19832
2020,4,17,25,5,0,18310
2020,4,17,26,6,0,13244
2020,4,18,27,0,0,19625
2020,4,18,28,1,0,20160
2020,4,18,29,2,0,20976
2020,4,18,30,3,0,20775
2020,5,18,1,4,1,18269
2020,5,18,2,5,0,18125
2020,5,18,3,6,0,17376
2020,5,19,4,0,0,20009
2020,5,19,5,1,0,17597
2020,5,19,6,2,0,22348
2020,5,19,7,3,0,21993
2020,5,19,8,4,0,22674
2020,5,19,9,5,0,18856
2020,5,19,10,6,0,15108
2020,5,20,11,0,0,20409
2020,5,20,12,1,0,21356
2020,5,20,13,2,0,21629
2020,5,20,14,3,0,21087
2020,5,20,15,4,0,22190
2020,5,20,16,5,0,20739
2020,5,20,17,6,0,15738
2020,5,21,18,0,0,22270
2020,5,21,19,1,0,23357
2020,5,21,20,2,0,22471
2020,5,21,21,3,0,22504
2020,5,21,22,4,0,22459
2020,5,21,23,5,0,18642
2020,5,21,24,6,0,14436
2020,5,22,25,0,0,20728
2020,5,22,26,1,0,22512
2020,5,22,27,2,0,22799
2020,5,22,28,3,0,18393
2020,5,22,29,4,0,21872
2020,5,22,30,5,0,20559
2020,5,22,31,6,0,14956
2020,6,23,1,0,0,21799
2020,6,23,2,1,0,22563
2020,6,23,3,2,0,22392
2020,6,23,4,3,0,21464
2020,6,23,5,4,0,21831
2020,6,23,6,5,0,20904
2020,6,23,7,6,0,14465
2020,6,24,8,0,0,19432
2020,6,24,9,1,0,21234
2020,6,24,10,2,0,21338
2020,6,24,11,3,0,21671
2020,6,24,12,4,0,22097
2020,6,24,13,5,0,21105
2020,6,24,14,6,0,14570
2020,6,25,15,0,0,21983
2020,6,25,16,1,0,22418
2020,6,25,17,2,0,22778
2020,6,25,18,3,0,23379
2020,6,25,19,4,0,22311
2020,6,25,20,5,0,21171
2020,6,25,21,6,0,11965
2020,6,26,22,0,0,21717
2020,6,26,23,1,0,22331
2020,6,26,24,2,0,22405
2020,6,26,25,3,0,22255
2020,6,26,26,4,0,22820
2020,6,26,27,5,0,22521
2020,6,26,28,6,0,16644
2020,6,27,29,0,0,21256
2020,6,27,30,1,0,15870
2020,7,27,1,2,0,22140
2020,7,27,2,3,0,17790
2020,7,27,3,4,0,17790
2020,7,27,4,5,0,21663
2020,7,27,5,6,0,20192
2020,7,28,6,0,0,17869
2020,7,28,7,1,0,19328
2020,7,28,8,2,0,17084
2020,7,28,9,3,0,16422
2020,7,28,10,4,0,22870
2020,7,28,11,5,0,16606
2020,7,28,12,6,0,12467
2020,7,29,13,0,0,20317
2020,7,29,14,1,0,22200
2020,7,29,15,2,0,21636
2020,7,29,16,3,0,21717
2020,7,29,17,4,0,22861
2020,7,29,18,5,0,22996
2020,7,29,19,6,0,16762
2020,7,30,20,0,0,23906
2020,7,30,21,1,0,24436
2020,7,30,22,2,0,24410
2020,7,30,23,3,0,24315
2020,7,30,24,4,0,25605
2020,7,30,25,5,0,24409
2020,7,30,26,6,0,16176
2020,7,31,27,0,0,22925
2020,7,31,28,1,0,24350
2020,7,31,29,2,0,24757
2020,7,31,30,3,0,24843
2020,7,31,31,4,0,16442
2020,8,31,1,5,0,21183
2020,8,31,2,6,0,18536
2020,8,32,3,0,0,22398
2020,8,32,4,1,0,23029
2020,8,32,5,2,0,22581
2020,8,32,6,3,0,22856
2020,8,32,7,4,0,22571
2020,8,32,8,5,0,22604
2020,8,32,9,6,0,17340
2020,8,33,10,0,0,23595
2020,8,33,11,1,0,24719
2020,8,33,12,2,0,23225
2020,8,33,13,3,0,25033
2020,8,33,14,4,0,24052
2020,8,33,15,5,0,24000
2020,8,33,16,6,0,17713
2020,8,34,17,0,0,25579
2020,8,34,18,1,0,19126
2020,8,34,19,2,0,22042
2020,8,34,20,3,0,23902
2020,8,34,21,4,0,25270
2020,8,34,22,5,0,20168
2020,8,34,23,6,0,18209
2020,8,35,24,0,0,24296
2020,8,35,25,1,0,25024
2020,8,35,26,2,0,24802
2020,8,35,27,3,0,25651
2020,8,35,28,4,0,26635
2020,8,35,29,5,0,25776
2020,8,35,30,6,0,20814
2020,8,36,31,0,0,25575
2020,9,36,1,1,0,25212
2020,9,36,2,2,0,25664
2020,9,36,3,3,1,27147
2020,9,36,4,4,0,25691
2020,9,36,5,5,0,26276
2020,9,36,6,6,0,20732
2020,9,37,7,0,0,24010
2020,9,37,8,1,0,26226
2020,9,37,9,2,0,27391
2020,9,37,10,3,0,24143
2020,9,37,11,4,1,20552
2020,9,37,12,5,0,20431
2020,9,37,13,6,0,15011
2020,9,38,14,0,0,22727
2020,9,38,15,1,0,24671
2020,9,38,16,2,0,25648
2020,9,38,17,3,0,25766
2020,9,38,18,4,0,26333
2020,9,38,19,5,0,25619
2020,9,38,20,6,0,21005
2020,9,39,21,0,0,24634
2020,9,39,22,1,0,26237
2020,9,39,23,2,0,26418
2020,9,39,24,3,0,26370
2020,9,39,25,4,0,27458
2020,9,39,26,5,0,20569
2020,9,39,27,6,1,21587
2020,9,40,28,0,0,22046
2020,9,40,29,1,0,25326
2020,9,40,30,2,0,25288
2020,10,40,1,3,0,24433
2020,10,40,2,4,0,21979
2020,10,40,3,5,0,18545
2020,10,40,4,6,0,19234
2020,10,41,5,0,0,24320
2020,10,41,6,1,0,27783
2020,10,41,7,2,0,26801
2020,10,41,8,3,0,27321
2020,10,41,9,4,0,27910
2020,10,41,10,5,0,26119
2020,10,41,11,6,0,21081
2020,10,42,12,0,0,26104
2020,10,42,13,1,0,24806
2020,10,42,14,2,0,27642
2020,10,42,15,3,0,27217
2020,10,42,16,4,0,27801
2020,10,42,17,5,0,26718
2020,10,42,18,6,0,22655
2020,10,43,19,0,0,26447
2020,10,43,20,1,0,26785
2020,10,43,21,2,0,27123
2020,10,43,22,3,0,27120
2020,10,43,23,4,0,27947
2020,10,43,24,5,0,26911
2020,10,43,25,6,0,22435
2020,10,44,26,0,0,26654
2020,10,44,27,1,0,27239
2020,10,44,28,2,0,27190
2020,10,44,29,3,0,22817
2020,10,44,30,4,0,27931
2020,10,44,31,5,0,27645
2020,11,44,1,6,0,22206
2020,11,45,2,0,0,25642
2020,11,45,3,1,0,25912
2020,11,45,4,2,0,23295
2020,11,45,5,3,0,22972
2020,11,45,6,4,0,24946
2020,11,45,7,5,0,24559
2020,11,45,8,6,0,19905
2020,11,46,9,0,0,24021
2020,11,46,10,1,0,25027
2020,11,46,11,2,0,25708
2020,11,46,12,3,0,24939
2020,11,46,13,4,0,26379
2020,11,46,14,5,0,25657
2020,11,46,15,6,0,20512
2020,11,47,16,0,0,24677
2020,11,47,17,1,0,25447
2020,11,47,18,2,0,26218
2020,11,47,19,3,0,26165
2020,11,47,20,4,0,27423
2020,11,47,21,5,0,24791
2020,11,47,22,6,0,19370
2020,11,48,23,0,0,24162
2020,11,48,24,1,0,24213
2020,11,48,25,2,0,24400
2020,11,48,26,3,0,25289
2020,11,48,27,4,0,25543
2020,11,48,28,5,0,25110
2020,11,48,29,6,0,19701
2020,11,49,30,0,0,23113
2020,12,49,1,1,0,25757
2020,12,49,2,2,0,25694
2020,12,49,3,3,0,26173
2020,12,49,4,4,0,28322
2020,12,49,5,5,0,28340
2020,12,49,6,6,0,21293
2020,12,50,7,0,0,27129
2020,12,50,8,1,0,26441
2020,12,50,9,2,0,26273
2020,12,50,10,3,0,25996
2020,12,50,11,4,0,27330
2020,12,50,12,5,0,26837
2020,12,50,13,6,0,22091
2020,12,51,14,0,0,25815
2020,12,51,15,1,0,26159
2020,12,51,16,2,0,26574
2020,12,51,17,3,0,26799
2020,12,51,18,4,0,27477
2020,12,51,19,5,0,29249
2020,12,51,20,6,0,21887
2020,12,52,21,0,0,25208
2020,12,52,22,1,0,26595
2020,12,52,23,2,0,27406
2020,12,52,24,3,0,27379
2020,12,52,25,4,0,29133
2020,12,52,26,5,0,29082
2020,12,52,27,6,0,22858
2020,12,53,28,0,0,23247
2020,12,53,29,1,0,29037
2020,12,53,30,2,0,28203
2020,12,53,31,3,0,25965
2021,1,53,1,4,0,29302
2021,1,53,2,5,0,28209
2021,1,53,3,6,0,23282
2021,1,1,4,0,0,28552
2021,1,1,5,1,0,31225
2021,1,1,6,2,0,30828
2021,1,1,7,3,1,21670
2021,1,1,8,4,0,21185
2021,1,1,9,5,0,26859
2021,1,1,10,6,0,27064
2021,1,2,11,0,0,28384
2021,1,2,12,1,0,28768
2021,1,2,13,2,0,28315
2021,1,2,14,3,0,28009
2021,1,2,15,4,0,29435
2021,1,2,16,5,0,29690
2021,1,2,17,6,0,24707
2021,1,3,18,0,0,20408
2021,1,3,19,1,1,29410
2021,1,3,20,2,0,19301
2021,1,3,21,3,0,26590
2021,1,3,22,4,0,28630
2021,1,3,23,5,0,29398
2021,1,3,24,6,0,25597
2021,1,4,25,0,0,27642
2021,1,4,26,1,0,27580
2021,1,4,27,2,0,27090
2021,1,4,28,3,0,27961
2021,1,4,29,4,0,27452
2021,1,4,30,5,0,28620
2021,1,4,31,6,0,24150
2021,2,5,1,0,0,27095
2021,2,5,2,1,0,26521
2021,2,5,3,2,0,27324
2021,2,5,4,3,0,27094
2021,2,5,5,4,0,28742
2021,2,5,6,5,0,28493
2021,2,5,7,6,0,25464
2021,2,6,8,0,0,26386
2021,2,6,9,1,0,25787
2021,2,6,10,2,0,26643
2021,2,6,11,3,0,26931
2021,2,6,12,4,0,27701
2021,2,6,13,5,0,27771
2021,2,6,14,6,0,24057
2021,2,7,15,0,0,27061
2021,2,7,16,1,0,27048
2021,2,7,17,2,0,26870
2021,2,7,18,3,0,27853
2021,2,7,19,4,0,28011
2021,2,7,20,5,0,28188
2021,2,7,21,6,0,23557
2021,2,8,22,0,0,25872
2021,2,8,23,1,0,26360
2021,2,8,24,2,0,27122
2021,2,8,25,3,0,27592
2021,2,8,26,4,0,28421
2021,2,8,27,5,1,29363
2021,2,8,28,6,0,25802
2021,3,9,1,0,0,26844
2021,3,9,2,1,1,23920
2021,3,9,3,2,0,27323
2021,3,9,4,3,0,27593
2021,3,9,5,4,0,28192
2021,3,9,6,5,0,28721
2021,3,9,7,6,0,20641
2021,3,10,8,0,0,25402
2021,3,10,9,1,0,26457
2021,3,10,10,2,0,26124
2021,3,10,11,3,0,26483
2021,3,10,12,4,0,26957
2021,3,10,13,5,0,28082
2021,3,10,14,6,0,21287
2021,3,11,15,0,0,26018
2021,3,11,16,1,0,25932
2021,3,11,17,2,0,26303
2021,3,11,18,3,0,26401
2021,3,11,19,4,0,27285
2021,3,11,20,5,0,27286
2021,3,11,21,6,0,22275
2021,3,12,22,0,0,26743
2021,3,12,23,1,0,26548
2021,3,12,24,2,0,26642
2021,3,12,25,3,0,26474
2021,3,12,26,4,0,27068
2021,3,12,27,5,0,27488
2021,3,12,28,6,0,21875
2021,3,13,29,0,0,25456
2021,3,13,30,1,0,26284
2021,3,13,31,2,0,26464
2021,4,13,1,3,0,26368
2021,4,13,2,4,0,26754
2021,4,13,3,5,0,28835
2021,4,13,4,6,0,28736
2021,4,14,5,0,0,25461
2021,4,14,6,1,0,26221
2021,4,14,7,2,0,25671
2021,4,14,8,3,0,25473
2021,4,14,9,4,0,26517
2021,4,14,10,5,0,25727
2021,4,14,11,6,0,21138
2021,4,15,12,0,0,24914
2021,4,15,13,1,0,25217
2021,4,15,14,2,0,24979
2021,4,15,15,3,0,25661
2021,4,15,16,4,0,26421
2021,4,15,17,5,1,25185
2021,4,15,18,6,0,19308
2021,4,16,19,0,0,24401
2021,4,16,20,1,0,25437
2021,4,16,21,2,0,25546
2021,4,16,22,3,0,25868
2021,4,16,23,4,0,26650
2021,4,16,24,5,0,26945
2021,4,16,25,6,0,18548
2021,4,17,26,0,0,25131
2021,4,17,27,1,0,25768
2021,4,17,28,2,0,28399
2021,4,17,29,3,0,29840
2021,4,17,30,4,0,21564
2021,5,17,1,5,1,19050
2021,5,17,2,6,0,28405
2021,5,18,3,0,0,16868
2021,5,18,4,1,0,24960
2021,5,18,5,2,0,24813
2021,5,18,6,3,0,26418
2021,5,18,7,4,0,28206
2021,5,18,8,5,0,29009
2021,5,18,9,6,0,22524
2021,5,19,10,0,0,27254
2021,5,19,11,1,0,26574
2021,5,19,12,2,0,25002
2021,5,19,13,3,0,18455
2021,5,19,14,4,0,25874
2021,5,19,15,5,0,27836
2021,5,19,16,6,0,24903
2021,5,20,17,0,0,27251
2021,5,20,18,1,0,27356
2021,5,20,19,2,0,27632
2021,5,20,20,3,0,26582
2021,5,20,21,4,0,27948
2021,5,20,22,5,0,28262
2021,5,20,23,6,0,24543
2021,5,21,24,0,0,26574
2021,5,21,25,1,0,27387
2021,5,21,26,2,0,27983
2021,5,21,27,3,0,27866
2021,5,21,28,4,0,26876
2021,5,21,29,5,0,26626
2021,5,21,30,6,0,23431
2021,5,22,31,0,0,26489
2021,6,22,1,1,0,27070
2021,6,22,2,2,0,27587
2021,6,22,3,3,0,27658
2021,6,22,4,4,0,28334
2021,6,22,5,5,0,28153
2021,6,22,6,6,0,23517
2021,6,23,7,0,0,26574
2021,6,23,8,1,0,26988
2021,6,23,9,2,0,27982
2021,6,23,10,3,0,27988
2021,6,23,11,4,0,28738
2021,6,23,12,5,0,29749
2021,6,23,13,6,0,25315
2021,6,24,14,0,0,26832
2021,6,24,15,1,0,27806
2021,6,24,16,2,0,27467
2021,6,24,17,3,0,27920
2021,6,24,18,4,0,28011
2021,6,24,19,5,0,23298
2021,6,24,20,6,0,21607
2021,6,25,21,0,0,22477
2021,6,25,22,1,0,24957
2021,6,25,23,2,0,23552
2021,6,25,24,3,0,25961
2021,6,25,25,4,0,26671
2021,6,25,26,5,0,26867
2021,6,25,27,6,0,23016
2021,6,26,28,0,0,26777
2021,6,26,29,1,0,27011
2021,6,26,30,2,0,26595
2021,7,26,1,3,0,27780
2021,7,26,2,4,0,28111
2021,7,26,3,5,0,27822
2021,7,26,4,6,0,22863
2021,7,27,5,0,0,26739
2021,7,27,6,1,0,28386
2021,7,27,7,2,0,27024
2021,7,27,8,3,0,25596
2021,7,27,9,4,0,27773
2021,7,27,10,5,0,26417
2021,7,27,11,6,0,22512
2021,7,28,12,0,0,25099
2021,7,28,13,1,0,26233
2021,7,28,14,2,0,26011
2021,7,28,15,3,0,26444
2021,7,28,16,4,0,27832
2021,7,28,17,5,0,28419
2021,7,28,18,6,0,24297
2021,7,29,19,0,0,26833
2021,7,29,20,1,0,19645
2021,7,29,21,2,0,24011
2021,7,29,22,3,0,25526
2021,7,29,23,4,0,28476
2021,7,29,24,5,0,30293
2021,7,29,25,6,0,24703
2021,7,30,26,0,0,24118
2021,7,30,27,1,0,28997
2021,7,30,28,2,0,27129
2021,7,30,29,3,0,28824
2021,7,30,30,4,0,28488
2021,7,30,31,5,0,28128
2021,8,30,1,6,0,31828
2021,8,31,2,0,0,30411
2021,8,31,3,1,0,27972
2021,8,31,4,2,0,32489
2021,8,31,5,3,0,30020
2021,8,31,6,4,0,32623
2021,8,31,7,5,0,30381
2021,8,31,8,6,0,31742
2021,8,32,9,0,0,32237
2021,8,32,10,1,0,32000
2021,8,32,11,2,0,26694
2021,8,32,12,3,0,26222
2021,8,32,13,4,0,26454
2021,8,32,14,5,0,32646
2021,8,32,15,6,0,29571
2021,8,33,16,0,0,29780
2021,8,33,17,1,0,31383
2021,8,33,18,2,0,31352
2021,8,33,19,3,0,32217
2021,8,33,20,4,0,31193
2021,8,33,21,5,0,30675
2021,8,33,22,6,0,26198
2021,8,34,23,0,0,32800
2021,8,34,24,1,0,31370
2021,8,34,25,2,0,26442
2021,8,34,26,3,0,28926
2021,8,34,27,4,0,27641
2021,8,34,28,5,0,28390
2021,8,34,29,6,0,30629
2021,8,35,30,0,0,29905
2021,8,35,31,1,0,32543
2021,9,35,1,2,0,23498
2021,9,35,2,3,0,25663
2021,9,35,3,4,1,27147
2021,9,35,4,5,0,26142
2021,9,35,5,6,0,26315
2021,9,36,6,0,0,20732
2021,9,36,7,1,0,24010
2021,9,36,8,2,0,26226
2021,9,36,9,3,0,27391
2021,9,36,10,4,0,24143
2021,9,36,11,5,1,20552
2021,9,36,12,6,0,20431
2021,9,37,13,0,0,25011
2021,9,37,14,1,0,22727
2021,9,37,15,2,0,24671
2021,9,37,16,3,0,25648
2021,9,37,17,4,0,25766
2021,9,37,18,5,0,26333
2021,9,37,19,6,0,25619
2021,9,38,20,0,0,21005
2021,9,38,21,1,0,26939
2021,9,38,22,2,0,26237
2021,9,38,23,3,0,26418
2021,9,38,24,4,0,26370
2021,9,38,25,5,0,27458
2021,9,38,26,6,0,20569
2021,9,39,27,0,1,21701
2021,9,39,28,1,0,22046
2021,9,39,29,2,0,25326
2021,9,39,30,3,0,25288
2021,10,39,1,4,0,24433
2021,10,39,2,5,0,21979
2021,10,39,3,6,0,28545
2021,10,40,4,0,0,29234
2021,10,40,5,1,0,24320
2021,10,40,6,2,0,27783
2021,10,40,7,3,0,26801
2021,10,40,8,4,0,27321
2021,10,40,9,5,0,27910
2021,10,40,10,6,0,26119
2021,10,41,11,0,0,21081
2021,10,41,12,1,0,26104
2021,10,41,13,2,0,27664
2021,10,41,14,3,0,27642
2021,10,41,15,4,0,27217
2021,10,41,16,5,0,27801
2021,10,41,17,6,0,26718
2021,10,42,18,0,0,22655
2021,10,42,19,1,0,26447
2021,10,42,20,2,0,26785
2021,10,42,21,3,0,27123
2021,10,42,22,4,0,27120
2021,10,42,23,5,0,27947
2021,10,42,24,6,0,26911
2021,10,43,25,0,0,22435
2021,10,43,26,1,0,26654
2021,10,43,27,2,0,27239
2021,10,43,28,3,0,27190
2021,10,43,29,4,0,22817
2021,10,43,30,5,0,27931
2021,10,43,31,6,0,27645
2021,11,44,1,0,0,22206
2021,11,44,2,1,0,25642
2021,11,44,3,2,0,25912
2021,11,44,4,3,0,23295
2021,11,44,5,4,0,22972
2021,11,44,6,5,0,24946
2021,11,44,7,6,0,24559
2021,11,45,8,0,0,19905
2021,11,45,9,1,0,24021
2021,11,45,10,2,0,25027
2021,11,45,11,3,0,25708
2021,11,45,12,4,0,24939
2021,11,45,13,5,0,26379
2021,11,45,14,6,0,25657
2021,11,46,15,0,0,20512
2021,11,46,16,1,0,24677
2021,11,46,17,2,0,25447
2021,11,46,18,3,0,26218
2021,11,46,19,4,0,26165
2021,11,46,20,5,0,27423
2021,11,46,21,6,0,24791
2021,11,47,22,0,0,19370
2021,11,47,23,1,0,24162
2021,11,47,24,2,0,24156
2021,11,47,25,3,0,24400
2021,11,47,26,4,0,25289
2021,11,47,27,5,0,25543
2021,11,47,28,6,0,25110
2021,11,48,29,0,0,19701
2021,11,48,30,1,0,23113
2021,12,48,1,2,0,25757
2021,12,48,2,3,0,25694
2021,12,48,3,4,0,26173
2021,12,48,4,5,0,28322
2021,12,48,5,6,0,28340
2021,12,49,6,0,0,21293
2021,12,49,7,1,0,27129
2021,12,49,8,2,0,26441
2021,12,49,9,3,0,26273
2021,12,49,10,4,0,25996
2021,12,49,11,5,0,27330
2021,12,49,12,6,0,26837
2021,12,50,13,0,0,22091
2021,12,50,14,1,0,25815
2021,12,50,15,2,0,26159
2021,12,50,16,3,0,26574
2021,12,50,17,4,0,26799
2021,12,50,18,5,0,27477
2021,12,50,19,6,0,29249
2021,12,51,20,0,0,21887
2021,12,51,21,1,0,25208
2021,12,51,22,2,0,26595
2021,12,51,23,3,0,27406
2021,12,51,24,4,0,27379
2021,12,51,25,5,0,29133
2021,12,51,26,6,0,29082
2021,12,52,27,0,0,22858
2021,12,52,28,1,0,23247
2021,12,52,29,2,0,29037
2021,12,52,30,3,0,23823
2021,12,52,31,4,0,25965
2022,1,52,1,5,0,29212
2022,1,52,2,6,0,28209
2022,1,1,3,0,0,23282
2022,1,1,4,1,0,28552
2022,1,1,5,2,0,24201
2022,1,1,6,3,0,23804
2022,1,1,7,4,1,21670
2022,1,1,8,5,0,21185
2022,1,1,9,6,0,26859
2022,1,2,10,0,0,27064
2022,1,2,11,1,0,28384
2022,1,2,12,2,0,28768
2022,1,2,13,3,0,28315
2022,1,2,14,4,0,28009
2022,1,2,15,5,0,29435
2022,1,2,16,6,0,29690
2022,1,3,17,0,0,24707
2022,1,3,18,1,0,20408
2022,1,3,19,2,1,29410
2022,1,3,20,3,0,19301
2022,1,3,21,4,0,26590
2022,1,3,22,5,0,28630
2022,1,3,23,6,0,29398
2022,1,4,24,0,0,25597
2022,1,4,25,1,0,27642
2022,1,4,26,2,0,27580
2022,1,4,27,3,0,27090
2022,1,4,28,4,0,27961
2022,1,4,29,5,0,27452
2022,1,4,30,6,0,28620
2022,1,5,31,0,0,24150
2022,2,5,1,1,0,29302
2022,2,5,2,2,0,28728
2022,2,5,3,3,0,29531
2022,2,5,4,4,0,29301
2022,2,5,5,5,0,30949
2022,2,5,6,6,0,30700
2022,2,6,7,0,0,27671
2022,2,6,8,1,0,28593
2022,2,6,9,2,0,27844
2022,2,6,10,3,0,28850
2022,2,6,11,4,0,29138
2022,2,6,12,5,0,29908
2022,2,6,13,6,0,29978
2022,2,7,14,0,0,26264
2022,2,7,15,1,0,29268
2022,2,7,16,2,0,29255
2022,2,7,17,3,0,29077
2022,2,7,18,4,0,30174
2022,2,7,19,5,0,30218
2022,2,7,20,6,0,30395
2022,2,8,21,0,0,25764
2022,2,8,22,1,0,28079
2022,2,8,23,2,0,28567
2022,2,8,24,3,0,29329
2022,2,8,25,4,0,29799
2022,2,8,26,5,0,30628
2022,2,8,27,6,1,31570
2022,2,9,28,0,0,28239
2022,3,9,1,1,0,26844
2022,3,9,2,2,1,23920
2022,3,9,3,3,0,27323
2022,3,9,4,4,0,27593
2022,3,9,5,5,0,28192
2022,3,9,6,6,0,28721
2022,3,10,7,0,0,20641
2022,3,10,8,1,0,25402
2022,3,10,9,2,0,26457
2022,3,10,10,3,0,26124
2022,3,10,11,4,0,26483
2022,3,10,12,5,0,26957
2022,3,10,13,6,0,28082
2022,3,11,14,0,0,21287
2022,3,11,15,1,0,26018
2022,3,11,16,2,0,25932
2022,3,11,17,3,0,26303
2022,3,11,18,4,0,26401
2022,3,11,19,5,0,27285
2022,3,11,20,6,0,27286
2022,3,12,21,0,0,22275
2022,3,12,22,1,0,26743
2022,3,12,23,2,0,26548
2022,3,12,24,3,0,26642
2022,3,12,25,4,0,26474
2022,3,12,26,5,0,27068
2022,3,12,27,6,0,27488
2022,3,13,28,0,0,21875
2022,3,13,29,1,0,25456
2022,3,13,30,2,0,26113
2022,3,13,31,3,0,26464
2022,4,13,1,4,0,26368
2022,4,13,2,5,0,26754
2022,4,13,3,6,0,28835
2022,4,14,4,0,0,28736
2022,4,14,5,1,0,25461
2022,4,14,6,2,0,26221
2022,4,14,7,3,0,25671
2022,4,14,8,4,0,25473
2022,4,14,9,5,0,26517
2022,4,14,10,6,0,25727
2022,4,15,11,0,0,21138
2022,4,15,12,1,0,24914
2022,4,15,13,2,0,25217
2022,4,15,14,3,0,24979
2022,4,15,15,4,0,25661
2022,4,15,16,5,0,26421
2022,4,15,17,6,1,25185
2022,4,16,18,0,0,29308
2022,4,16,19,1,0,24401
2022,4,16,20,2,0,25437
2022,4,16,21,3,0,25546
2022,4,16,22,4,0,25868
2022,4,16,23,5,0,26650
2022,4,16,24,6,0,26688
2022,4,17,25,0,0,18548
2022,4,17,26,1,0,25131
2022,4,17,27,2,0,25882
2022,4,17,28,3,0,28399
2022,4,17,29,4,0,29840
2022,4,17,30,5,0,21564
2022,5,17,1,6,1,29051
2022,5,18,2,0,0,28406
2022,5,18,3,1,0,26869
2022,5,18,4,2,0,24961
2022,5,18,5,3,0,24814
2022,5,18,6,4,0,26419
2022,5,18,7,5,0,28207
2022,5,18,8,6,0,29010
2022,5,19,9,0,0,22525
2022,5,19,10,1,0,27255
2022,5,19,11,2,0,26575
2022,5,19,12,3,0,25003
2022,5,19,13,4,0,28456
2022,5,19,14,5,0,25875
2022,5,19,15,6,0,27837
2022,5,20,16,0,0,24904
2022,5,20,17,1,0,27252
2022,5,20,18,2,0,27357
2022,5,20,19,3,0,27633
2022,5,20,20,4,0,26583
2022,5,20,21,5,0,27949
2022,5,20,22,6,0,28263
2022,5,21,23,0,0,24544
2022,5,21,24,1,0,26575
2022,5,21,25,2,0,27388
2022,5,21,26,3,0,28984
2022,5,21,27,4,0,27867
2022,5,21,28,5,0,26877
2022,5,21,29,6,0,26627
2022,5,22,30,0,0,23432
2022,5,22,31,1,0,26490
2022,6,22,1,2,0,27070
2022,6,22,2,3,0,27587
2022,6,22,3,4,0,27658
2022,6,22,4,5,0,28334
2022,6,22,5,6,0,28153
2022,6,23,6,0,0,23517
2022,6,23,7,1,0,26574
2022,6,23,8,2,0,26988
2022,6,23,9,3,0,27982
2022,6,23,10,4,0,27988
2022,6,23,11,5,0,28738
2022,6,23,12,6,0,29749
2022,6,24,13,0,0,25315
2022,6,24,14,1,0,26832
2022,6,24,15,2,0,27806
2022,6,24,16,3,0,27447
2022,6,24,17,4,0,27920
2022,6,24,18,5,0,28011
2022,6,24,19,6,0,23298
2022,6,25,20,0,0,21607
2022,6,25,21,1,0,22477
2022,6,25,22,2,0,25243
2022,6,25,23,3,0,23552
2022,6,25,24,4,0,25961
2022,6,25,25,5,0,26671
2022,6,25,26,6,0,26867
2022,6,26,27,0,0,22930
2022,6,26,28,1,0,26777
2022,6,26,29,2,0,27011
2022,6,26,30,3,0,26595
